user_id,persona,scale,tightness,payday_boost,cash_out_days,rent_before_income,has_side_income,monthly_net_income,regular_payments
U0001,rider,1.281,1.028,0.0,3,False,False,30494,"[{""name"": ""house_rent"", ""type"": ""send_money"", ""day"": 6, ""amount"": 6400.0, ""counterparty"": ""W-533002""}, {""name"": ""send_home"", ""type"": ""send_money"", ""day"": 8, ""amount"": 7300.0, ""counterparty"": ""W-914918""}, {""name"": ""bike_installment"", ""type"": ""bill_payment"", ""day"": 16, ""amount"": 3400.0, ""counterparty"": ""W-975971""}]"
U0002,rider,1.225,0.971,0.0,3,False,False,29167,"[{""name"": ""house_rent"", ""type"": ""send_money"", ""day"": 6, ""amount"": 5800.0, ""counterparty"": ""W-779579""}, {""name"": ""send_home"", ""type"": ""send_money"", ""day"": 7, ""amount"": 8400.0, ""counterparty"": ""W-862752""}, {""name"": ""bike_installment"", ""type"": ""bill_payment"", ""day"": 14, ""amount"": 4100.0, ""counterparty"": ""W-996807""}]"
U0003,rider,1.149,0.979,0.0,4,False,False,27359,"[{""name"": ""house_rent"", ""type"": ""send_money"", ""day"": 7, ""amount"": 5600.0, ""counterparty"": ""W-344719""}, {""name"": ""send_home"", ""type"": ""send_money"", ""day"": 9, ""amount"": 6700.0, ""counterparty"": ""W-858829""}, {""name"": ""bike_installment"", ""type"": ""bill_payment"", ""day"": 13, ""amount"": 3900.0, ""counterparty"": ""W-112100""}]"
U0004,rider,1.045,1.067,0.0,3,False,False,24877,"[{""name"": ""house_rent"", ""type"": ""send_money"", ""day"": 3, ""amount"": 5700.0, ""counterparty"": ""W-328050""}, {""name"": ""send_home"", ""type"": ""send_money"", ""day"": 8, ""amount"": 6900.0, ""counterparty"": ""W-994179""}, {""name"": ""bike_installment"", ""type"": ""bill_payment"", ""day"": 13, ""amount"": 3300.0, ""counterparty"": ""W-732119""}]"
U0005,rider,0.819,0.935,0.0,3,False,False,19504,"[{""name"": ""house_rent"", ""type"": ""send_money"", ""day"": 3, ""amount"": 3600.0, ""counterparty"": ""W-511693""}, {""name"": ""send_home"", ""type"": ""send_money"", ""day"": 8, ""amount"": 4500.0, ""counterparty"": ""W-564820""}, {""name"": ""bike_installment"", ""type"": ""bill_payment"", ""day"": 17, ""amount"": 2200.0, ""counterparty"": ""W-786219""}]"
U0006,rider,0.948,1.061,0.0,3,False,False,22567,"[{""name"": ""house_rent"", ""type"": ""send_money"", ""day"": 6, ""amount"": 4700.0, ""counterparty"": ""W-562575""}, {""name"": ""send_home"", ""type"": ""send_money"", ""day"": 9, ""amount"": 6100.0, ""counterparty"": ""W-349138""}, {""name"": ""bike_installment"", ""type"": ""bill_payment"", ""day"": 16, ""amount"": 3100.0, ""counterparty"": ""W-301819""}]"
U0007,rider,0.817,0.985,0.0,4,False,False,19444,"[{""name"": ""house_rent"", ""type"": ""send_money"", ""day"": 6, ""amount"": 3600.0, ""counterparty"": ""W-277005""}, {""name"": ""send_home"", ""type"": ""send_money"", ""day"": 8, ""amount"": 4300.0, ""counterparty"": ""W-714249""}, {""name"": ""bike_installment"", ""type"": ""bill_payment"", ""day"": 13, ""amount"": 2700.0, ""counterparty"": ""W-572198""}]"
U0008,rider,0.874,1.012,0.0,5,False,False,20793,"[{""name"": ""house_rent"", ""type"": ""send_money"", ""day"": 3, ""amount"": 5000.0, ""counterparty"": ""W-563424""}, {""name"": ""send_home"", ""type"": ""send_money"", ""day"": 6, ""amount"": 4900.0, ""counterparty"": ""W-357281""}, {""name"": ""bike_installment"", ""type"": ""bill_payment"", ""day"": 17, ""amount"": 2600.0, ""counterparty"": ""W-370808""}]"
U0009,rider,0.927,1.062,0.0,2,False,False,22077,"[{""name"": ""house_rent"", ""type"": ""send_money"", ""day"": 7, ""amount"": 4300.0, ""counterparty"": ""W-484082""}, {""name"": ""send_home"", ""type"": ""send_money"", ""day"": 10, ""amount"": 5300.0, ""counterparty"": ""W-765490""}, {""name"": ""bike_installment"", ""type"": ""bill_payment"", ""day"": 15, ""amount"": 2600.0, ""counterparty"": ""W-889232""}]"
U0010,rider,1.217,1.063,0.0,3,False,False,28974,"[{""name"": ""house_rent"", ""type"": ""send_money"", ""day"": 3, ""amount"": 6000.0, ""counterparty"": ""W-504367""}, {""name"": ""send_home"", ""type"": ""send_money"", ""day"": 9, ""amount"": 7900.0, ""counterparty"": ""W-899812""}, {""name"": ""bike_installment"", ""type"": ""bill_payment"", ""day"": 13, ""amount"": 3400.0, ""counterparty"": ""W-827882""}]"
U0011,rider,1.133,1.027,0.0,5,False,False,26980,"[{""name"": ""house_rent"", ""type"": ""send_money"", ""day"": 7, ""amount"": 4900.0, ""counterparty"": ""W-601860""}, {""name"": ""send_home"", ""type"": ""send_money"", ""day"": 6, ""amount"": 6600.0, ""counterparty"": ""W-752418""}, {""name"": ""bike_installment"", ""type"": ""bill_payment"", ""day"": 16, ""amount"": 3900.0, ""counterparty"": ""W-642817""}]"
U0012,rider,1.101,1.042,0.0,2,False,False,26211,"[{""name"": ""house_rent"", ""type"": ""send_money"", ""day"": 6, ""amount"": 5200.0, ""counterparty"": ""W-288509""}, {""name"": ""send_home"", ""type"": ""send_money"", ""day"": 8, ""amount"": 5800.0, ""counterparty"": ""W-667414""}, {""name"": ""bike_installment"", ""type"": ""bill_payment"", ""day"": 16, ""amount"": 3700.0, ""counterparty"": ""W-846448""}]"
U0013,rider,0.959,1.022,0.0,5,False,False,22836,"[{""name"": ""house_rent"", ""type"": ""send_money"", ""day"": 3, ""amount"": 5500.0, ""counterparty"": ""W-397962""}, {""name"": ""send_home"", ""type"": ""send_money"", ""day"": 7, ""amount"": 6000.0, ""counterparty"": ""W-719395""}, {""name"": ""bike_installment"", ""type"": ""bill_payment"", ""day"": 13, ""amount"": 2700.0, ""counterparty"": ""W-117351""}]"
U0014,rider,1.091,0.974,0.0,5,False,False,25973,"[{""name"": ""house_rent"", ""type"": ""send_money"", ""day"": 5, ""amount"": 5800.0, ""counterparty"": ""W-161080""}, {""name"": ""send_home"", ""type"": ""send_money"", ""day"": 9, ""amount"": 7500.0, ""counterparty"": ""W-736295""}, {""name"": ""bike_installment"", ""type"": ""bill_payment"", ""day"": 15, ""amount"": 3400.0, ""counterparty"": ""W-266009""}]"
U0015,rider,1.225,1.049,0.0,2,False,False,29147,"[{""name"": ""house_rent"", ""type"": ""send_money"", ""day"": 3, ""amount"": 5300.0, ""counterparty"": ""W-219793""}, {""name"": ""send_home"", ""type"": ""send_money"", ""day"": 7, ""amount"": 7300.0, ""counterparty"": ""W-835169""}, {""name"": ""bike_installment"", ""type"": ""bill_payment"", ""day"": 13, ""amount"": 4000.0, ""counterparty"": ""W-514126""}]"
U0016,rider,1.009,0.93,0.0,5,False,False,24025,"[{""name"": ""house_rent"", ""type"": ""send_money"", ""day"": 4, ""amount"": 5200.0, ""counterparty"": ""W-164282""}, {""name"": ""send_home"", ""type"": ""send_money"", ""day"": 9, ""amount"": 6900.0, ""counterparty"": ""W-885237""}, {""name"": ""bike_installment"", ""type"": ""bill_payment"", ""day"": 16, ""amount"": 2800.0, ""counterparty"": ""W-789314""}]"
U0017,rider,0.845,0.983,0.0,4,False,False,20110,"[{""name"": ""house_rent"", ""type"": ""send_money"", ""day"": 6, ""amount"": 4600.0, ""counterparty"": ""W-757329""}, {""name"": ""send_home"", ""type"": ""send_money"", ""day"": 8, ""amount"": 5700.0, ""counterparty"": ""W-306330""}, {""name"": ""bike_installment"", ""type"": ""bill_payment"", ""day"": 14, ""amount"": 2700.0, ""counterparty"": ""W-221281""}]"
U0018,rider,1.081,1.008,0.0,2,False,False,25738,"[{""name"": ""house_rent"", ""type"": ""send_money"", ""day"": 4, ""amount"": 4800.0, ""counterparty"": ""W-116566""}, {""name"": ""send_home"", ""type"": ""send_money"", ""day"": 8, ""amount"": 6500.0, ""counterparty"": ""W-852422""}, {""name"": ""bike_installment"", ""type"": ""bill_payment"", ""day"": 17, ""amount"": 3200.0, ""counterparty"": ""W-995554""}]"
U0019,rider,0.887,1.037,0.0,4,False,False,21108,"[{""name"": ""house_rent"", ""type"": ""send_money"", ""day"": 5, ""amount"": 4600.0, ""counterparty"": ""W-382463""}, {""name"": ""send_home"", ""type"": ""send_money"", ""day"": 10, ""amount"": 5100.0, ""counterparty"": ""W-361833""}, {""name"": ""bike_installment"", ""type"": ""bill_payment"", ""day"": 16, ""amount"": 2900.0, ""counterparty"": ""W-612671""}]"
U0020,rider,0.963,0.954,0.0,5,False,False,22922,"[{""name"": ""house_rent"", ""type"": ""send_money"", ""day"": 7, ""amount"": 4600.0, ""counterparty"": ""W-745147""}, {""name"": ""send_home"", ""type"": ""send_money"", ""day"": 10, ""amount"": 5100.0, ""counterparty"": ""W-742206""}, {""name"": ""bike_installment"", ""type"": ""bill_payment"", ""day"": 14, ""amount"": 3200.0, ""counterparty"": ""W-403752""}]"
U0021,rider,0.901,0.935,0.0,2,False,False,21437,"[{""name"": ""house_rent"", ""type"": ""send_money"", ""day"": 6, ""amount"": 4300.0, ""counterparty"": ""W-670665""}, {""name"": ""send_home"", ""type"": ""send_money"", ""day"": 6, ""amount"": 5600.0, ""counterparty"": ""W-320172""}, {""name"": ""bike_installment"", ""type"": ""bill_payment"", ""day"": 15, ""amount"": 2800.0, ""counterparty"": ""W-420687""}]"
U0022,rider,0.644,1.041,0.0,4,False,False,15325,"[{""name"": ""house_rent"", ""type"": ""send_money"", ""day"": 5, ""amount"": 3700.0, ""counterparty"": ""W-799628""}, {""name"": ""send_home"", ""type"": ""send_money"", ""day"": 6, ""amount"": 4300.0, ""counterparty"": ""W-955045""}, {""name"": ""bike_installment"", ""type"": ""bill_payment"", ""day"": 16, ""amount"": 2000.0, ""counterparty"": ""W-134987""}]"
U0023,rider,0.984,1.038,0.0,3,False,False,23427,"[{""name"": ""house_rent"", ""type"": ""send_money"", ""day"": 6, ""amount"": 4200.0, ""counterparty"": ""W-998637""}, {""name"": ""send_home"", ""type"": ""send_money"", ""day"": 6, ""amount"": 6400.0, ""counterparty"": ""W-848376""}, {""name"": ""bike_installment"", ""type"": ""bill_payment"", ""day"": 15, ""amount"": 2500.0, ""counterparty"": ""W-254161""}]"
U0024,rider,1.31,1.024,0.0,2,False,False,31172,"[{""name"": ""house_rent"", ""type"": ""send_money"", ""day"": 5, ""amount"": 6100.0, ""counterparty"": ""W-852447""}, {""name"": ""send_home"", ""type"": ""send_money"", ""day"": 6, ""amount"": 6800.0, ""counterparty"": ""W-900103""}, {""name"": ""bike_installment"", ""type"": ""bill_payment"", ""day"": 15, ""amount"": 4000.0, ""counterparty"": ""W-547634""}]"
U0025,rider,0.998,0.967,0.0,4,False,False,23765,"[{""name"": ""house_rent"", ""type"": ""send_money"", ""day"": 6, ""amount"": 5300.0, ""counterparty"": ""W-663384""}, {""name"": ""send_home"", ""type"": ""send_money"", ""day"": 8, ""amount"": 5400.0, ""counterparty"": ""W-113517""}, {""name"": ""bike_installment"", ""type"": ""bill_payment"", ""day"": 13, ""amount"": 2600.0, ""counterparty"": ""W-358991""}]"
U0026,rider,0.952,1.058,0.0,4,False,False,22655,"[{""name"": ""house_rent"", ""type"": ""send_money"", ""day"": 7, ""amount"": 4400.0, ""counterparty"": ""W-395511""}, {""name"": ""send_home"", ""type"": ""send_money"", ""day"": 7, ""amount"": 5900.0, ""counterparty"": ""W-315522""}, {""name"": ""bike_installment"", ""type"": ""bill_payment"", ""day"": 16, ""amount"": 2600.0, ""counterparty"": ""W-475089""}]"
U0027,rider,0.83,1.042,0.0,3,False,False,19748,"[{""name"": ""house_rent"", ""type"": ""send_money"", ""day"": 5, ""amount"": 4200.0, ""counterparty"": ""W-569404""}, {""name"": ""send_home"", ""type"": ""send_money"", ""day"": 8, ""amount"": 4500.0, ""counterparty"": ""W-819274""}, {""name"": ""bike_installment"", ""type"": ""bill_payment"", ""day"": 17, ""amount"": 2800.0, ""counterparty"": ""W-309898""}]"
U0028,rider,1.148,1.01,0.0,2,False,False,27316,"[{""name"": ""house_rent"", ""type"": ""send_money"", ""day"": 4, ""amount"": 5600.0, ""counterparty"": ""W-738456""}, {""name"": ""send_home"", ""type"": ""send_money"", ""day"": 10, ""amount"": 6100.0, ""counterparty"": ""W-366810""}, {""name"": ""bike_installment"", ""type"": ""bill_payment"", ""day"": 15, ""amount"": 3100.0, ""counterparty"": ""W-819819""}]"
U0029,rider,1.286,0.979,0.0,3,False,False,30601,"[{""name"": ""house_rent"", ""type"": ""send_money"", ""day"": 6, ""amount"": 6300.0, ""counterparty"": ""W-543651""}, {""name"": ""send_home"", ""type"": ""send_money"", ""day"": 9, ""amount"": 8700.0, ""counterparty"": ""W-123874""}, {""name"": ""bike_installment"", ""type"": ""bill_payment"", ""day"": 15, ""amount"": 3500.0, ""counterparty"": ""W-193534""}]"
U0030,rider,1.18,1.001,0.0,5,False,False,28090,"[{""name"": ""house_rent"", ""type"": ""send_money"", ""day"": 6, ""amount"": 6500.0, ""counterparty"": ""W-252081""}, {""name"": ""send_home"", ""type"": ""send_money"", ""day"": 7, ""amount"": 6800.0, ""counterparty"": ""W-941703""}, {""name"": ""bike_installment"", ""type"": ""bill_payment"", ""day"": 14, ""amount"": 4000.0, ""counterparty"": ""W-992732""}]"
U0031,rider,1.062,0.992,0.0,3,False,False,25272,"[{""name"": ""house_rent"", ""type"": ""send_money"", ""day"": 7, ""amount"": 5800.0, ""counterparty"": ""W-679251""}, {""name"": ""send_home"", ""type"": ""send_money"", ""day"": 8, ""amount"": 6700.0, ""counterparty"": ""W-136410""}, {""name"": ""bike_installment"", ""type"": ""bill_payment"", ""day"": 15, ""amount"": 3300.0, ""counterparty"": ""W-187219""}]"
U0032,rider,0.996,1.025,0.0,5,False,False,23715,"[{""name"": ""house_rent"", ""type"": ""send_money"", ""day"": 4, ""amount"": 5100.0, ""counterparty"": ""W-829504""}, {""name"": ""send_home"", ""type"": ""send_money"", ""day"": 8, ""amount"": 6300.0, ""counterparty"": ""W-896909""}, {""name"": ""bike_installment"", ""type"": ""bill_payment"", ""day"": 14, ""amount"": 2700.0, ""counterparty"": ""W-951957""}]"
U0033,rider,0.855,1.023,0.0,4,False,False,20361,"[{""name"": ""house_rent"", ""type"": ""send_money"", ""day"": 7, ""amount"": 4400.0, ""counterparty"": ""W-560600""}, {""name"": ""send_home"", ""type"": ""send_money"", ""day"": 6, ""amount"": 5500.0, ""counterparty"": ""W-456875""}, {""name"": ""bike_installment"", ""type"": ""bill_payment"", ""day"": 13, ""amount"": 2900.0, ""counterparty"": ""W-109788""}]"
U0034,rider,1.309,1.026,0.0,5,False,False,31165,"[{""name"": ""house_rent"", ""type"": ""send_money"", ""day"": 3, ""amount"": 6400.0, ""counterparty"": ""W-365560""}, {""name"": ""send_home"", ""type"": ""send_money"", ""day"": 7, ""amount"": 7700.0, ""counterparty"": ""W-823287""}, {""name"": ""bike_installment"", ""type"": ""bill_payment"", ""day"": 13, ""amount"": 3500.0, ""counterparty"": ""W-869274""}]"
U0035,rider,0.82,0.981,0.0,5,False,False,19507,"[{""name"": ""house_rent"", ""type"": ""send_money"", ""day"": 6, ""amount"": 4600.0, ""counterparty"": ""W-220346""}, {""name"": ""send_home"", ""type"": ""send_money"", ""day"": 6, ""amount"": 5500.0, ""counterparty"": ""W-621583""}, {""name"": ""bike_installment"", ""type"": ""bill_payment"", ""day"": 15, ""amount"": 2400.0, ""counterparty"": ""W-325297""}]"
U0036,rider,0.952,0.95,0.0,2,False,False,22654,"[{""name"": ""house_rent"", ""type"": ""send_money"", ""day"": 5, ""amount"": 4200.0, ""counterparty"": ""W-744032""}, {""name"": ""send_home"", ""type"": ""send_money"", ""day"": 6, ""amount"": 4900.0, ""counterparty"": ""W-185292""}, {""name"": ""bike_installment"", ""type"": ""bill_payment"", ""day"": 14, ""amount"": 2900.0, ""counterparty"": ""W-629389""}]"
U0037,rider,0.904,0.953,0.0,5,False,False,21511,"[{""name"": ""house_rent"", ""type"": ""send_money"", ""day"": 5, ""amount"": 4400.0, ""counterparty"": ""W-988683""}, {""name"": ""send_home"", ""type"": ""send_money"", ""day"": 7, ""amount"": 5000.0, ""counterparty"": ""W-912674""}, {""name"": ""bike_installment"", ""type"": ""bill_payment"", ""day"": 13, ""amount"": 2600.0, ""counterparty"": ""W-648737""}]"
U0038,rider,0.885,1.018,0.0,4,False,False,21074,"[{""name"": ""house_rent"", ""type"": ""send_money"", ""day"": 3, ""amount"": 4300.0, ""counterparty"": ""W-915704""}, {""name"": ""send_home"", ""type"": ""send_money"", ""day"": 9, ""amount"": 5600.0, ""counterparty"": ""W-858379""}, {""name"": ""bike_installment"", ""type"": ""bill_payment"", ""day"": 15, ""amount"": 2900.0, ""counterparty"": ""W-292574""}]"
U0039,rider,1.124,1.058,0.0,5,False,False,26763,"[{""name"": ""house_rent"", ""type"": ""send_money"", ""day"": 5, ""amount"": 5600.0, ""counterparty"": ""W-860071""}, {""name"": ""send_home"", ""type"": ""send_money"", ""day"": 6, ""amount"": 7100.0, ""counterparty"": ""W-824437""}, {""name"": ""bike_installment"", ""type"": ""bill_payment"", ""day"": 15, ""amount"": 3100.0, ""counterparty"": ""W-613300""}]"
U0040,rider,1.001,0.946,0.0,4,False,False,23838,"[{""name"": ""house_rent"", ""type"": ""send_money"", ""day"": 3, ""amount"": 5600.0, ""counterparty"": ""W-580651""}, {""name"": ""send_home"", ""type"": ""send_money"", ""day"": 9, ""amount"": 6900.0, ""counterparty"": ""W-428748""}, {""name"": ""bike_installment"", ""type"": ""bill_payment"", ""day"": 17, ""amount"": 2600.0, ""counterparty"": ""W-933154""}]"
U0041,rider,1.04,1.044,0.0,2,False,False,24750,"[{""name"": ""house_rent"", ""type"": ""send_money"", ""day"": 6, ""amount"": 5700.0, ""counterparty"": ""W-658089""}, {""name"": ""send_home"", ""type"": ""send_money"", ""day"": 6, ""amount"": 6400.0, ""counterparty"": ""W-871787""}, {""name"": ""bike_installment"", ""type"": ""bill_payment"", ""day"": 16, ""amount"": 3200.0, ""counterparty"": ""W-180636""}]"
U0042,rider,1.099,1.004,0.0,2,False,False,26159,"[{""name"": ""house_rent"", ""type"": ""send_money"", ""day"": 7, ""amount"": 6200.0, ""counterparty"": ""W-516298""}, {""name"": ""send_home"", ""type"": ""send_money"", ""day"": 6, ""amount"": 6500.0, ""counterparty"": ""W-565501""}, {""name"": ""bike_installment"", ""type"": ""bill_payment"", ""day"": 14, ""amount"": 2900.0, ""counterparty"": ""W-681902""}]"
U0043,rider,0.986,0.998,0.0,2,False,False,23477,"[{""name"": ""house_rent"", ""type"": ""send_money"", ""day"": 3, ""amount"": 4900.0, ""counterparty"": ""W-235137""}, {""name"": ""send_home"", ""type"": ""send_money"", ""day"": 10, ""amount"": 5600.0, ""counterparty"": ""W-745314""}, {""name"": ""bike_installment"", ""type"": ""bill_payment"", ""day"": 13, ""amount"": 3400.0, ""counterparty"": ""W-493489""}]"
U0044,rider,1.52,0.978,0.0,3,False,False,36170,"[{""name"": ""house_rent"", ""type"": ""send_money"", ""day"": 3, ""amount"": 6900.0, ""counterparty"": ""W-395876""}, {""name"": ""send_home"", ""type"": ""send_money"", ""day"": 7, ""amount"": 9200.0, ""counterparty"": ""W-574332""}, {""name"": ""bike_installment"", ""type"": ""bill_payment"", ""day"": 14, ""amount"": 5000.0, ""counterparty"": ""W-151537""}]"
U0045,rider,1.037,1.019,0.0,4,False,False,24673,"[{""name"": ""house_rent"", ""type"": ""send_money"", ""day"": 6, ""amount"": 5600.0, ""counterparty"": ""W-689065""}, {""name"": ""send_home"", ""type"": ""send_money"", ""day"": 8, ""amount"": 6000.0, ""counterparty"": ""W-193953""}, {""name"": ""bike_installment"", ""type"": ""bill_payment"", ""day"": 15, ""amount"": 3000.0, ""counterparty"": ""W-719192""}]"
U0046,rider,1.295,0.997,0.0,5,False,False,30826,"[{""name"": ""house_rent"", ""type"": ""send_money"", ""day"": 7, ""amount"": 6400.0, ""counterparty"": ""W-392917""}, {""name"": ""send_home"", ""type"": ""send_money"", ""day"": 9, ""amount"": 8800.0, ""counterparty"": ""W-469602""}, {""name"": ""bike_installment"", ""type"": ""bill_payment"", ""day"": 13, ""amount"": 4200.0, ""counterparty"": ""W-513583""}]"
U0047,rider,1.307,0.994,0.0,3,False,False,31100,"[{""name"": ""house_rent"", ""type"": ""send_money"", ""day"": 7, ""amount"": 6200.0, ""counterparty"": ""W-464835""}, {""name"": ""send_home"", ""type"": ""send_money"", ""day"": 9, ""amount"": 6900.0, ""counterparty"": ""W-230599""}, {""name"": ""bike_installment"", ""type"": ""bill_payment"", ""day"": 13, ""amount"": 3800.0, ""counterparty"": ""W-890880""}]"
U0048,rider,1.263,1.045,0.0,3,False,False,30073,"[{""name"": ""house_rent"", ""type"": ""send_money"", ""day"": 3, ""amount"": 6800.0, ""counterparty"": ""W-199544""}, {""name"": ""send_home"", ""type"": ""send_money"", ""day"": 9, ""amount"": 7600.0, ""counterparty"": ""W-394671""}, {""name"": ""bike_installment"", ""type"": ""bill_payment"", ""day"": 17, ""amount"": 4300.0, ""counterparty"": ""W-118628""}]"
U0049,rider,0.843,0.999,0.0,3,False,False,20062,"[{""name"": ""house_rent"", ""type"": ""send_money"", ""day"": 3, ""amount"": 3900.0, ""counterparty"": ""W-567756""}, {""name"": ""send_home"", ""type"": ""send_money"", ""day"": 9, ""amount"": 4600.0, ""counterparty"": ""W-157113""}, {""name"": ""bike_installment"", ""type"": ""bill_payment"", ""day"": 16, ""amount"": 2500.0, ""counterparty"": ""W-510700""}]"
U0050,rider,1.05,0.967,0.0,5,False,False,24994,"[{""name"": ""house_rent"", ""type"": ""send_money"", ""day"": 7, ""amount"": 5500.0, ""counterparty"": ""W-470077""}, {""name"": ""send_home"", ""type"": ""send_money"", ""day"": 9, ""amount"": 6200.0, ""counterparty"": ""W-119353""}, {""name"": ""bike_installment"", ""type"": ""bill_payment"", ""day"": 17, ""amount"": 2700.0, ""counterparty"": ""W-550331""}]"
U0051,rider,0.954,1.008,0.0,4,False,False,22715,"[{""name"": ""house_rent"", ""type"": ""send_money"", ""day"": 7, ""amount"": 5500.0, ""counterparty"": ""W-274619""}, {""name"": ""send_home"", ""type"": ""send_money"", ""day"": 10, ""amount"": 5600.0, ""counterparty"": ""W-258461""}, {""name"": ""bike_installment"", ""type"": ""bill_payment"", ""day"": 14, ""amount"": 3200.0, ""counterparty"": ""W-621319""}]"
U0052,rider,0.95,0.96,0.0,2,False,False,22614,"[{""name"": ""house_rent"", ""type"": ""send_money"", ""day"": 7, ""amount"": 5400.0, ""counterparty"": ""W-458473""}, {""name"": ""send_home"", ""type"": ""send_money"", ""day"": 7, ""amount"": 5900.0, ""counterparty"": ""W-779542""}, {""name"": ""bike_installment"", ""type"": ""bill_payment"", ""day"": 17, ""amount"": 3200.0, ""counterparty"": ""W-448422""}]"
U0053,rider,0.931,0.943,0.0,2,False,False,22165,"[{""name"": ""house_rent"", ""type"": ""send_money"", ""day"": 5, ""amount"": 4300.0, ""counterparty"": ""W-524027""}, {""name"": ""send_home"", ""type"": ""send_money"", ""day"": 7, ""amount"": 6200.0, ""counterparty"": ""W-652143""}, {""name"": ""bike_installment"", ""type"": ""bill_payment"", ""day"": 13, ""amount"": 3000.0, ""counterparty"": ""W-281793""}]"
U0054,rider,0.692,1.001,0.0,4,False,False,16462,"[{""name"": ""house_rent"", ""type"": ""send_money"", ""day"": 4, ""amount"": 3500.0, ""counterparty"": ""W-391893""}, {""name"": ""send_home"", ""type"": ""send_money"", ""day"": 8, ""amount"": 4200.0, ""counterparty"": ""W-568543""}, {""name"": ""bike_installment"", ""type"": ""bill_payment"", ""day"": 16, ""amount"": 2100.0, ""counterparty"": ""W-385417""}]"
U0055,rider,0.821,0.938,0.0,4,False,False,19537,"[{""name"": ""house_rent"", ""type"": ""send_money"", ""day"": 3, ""amount"": 4300.0, ""counterparty"": ""W-869853""}, {""name"": ""send_home"", ""type"": ""send_money"", ""day"": 9, ""amount"": 4900.0, ""counterparty"": ""W-293447""}, {""name"": ""bike_installment"", ""type"": ""bill_payment"", ""day"": 14, ""amount"": 2600.0, ""counterparty"": ""W-849223""}]"
U0056,rider,1.112,1.067,0.0,2,False,False,26479,"[{""name"": ""house_rent"", ""type"": ""send_money"", ""day"": 4, ""amount"": 5900.0, ""counterparty"": ""W-384263""}, {""name"": ""send_home"", ""type"": ""send_money"", ""day"": 10, ""amount"": 7500.0, ""counterparty"": ""W-590984""}, {""name"": ""bike_installment"", ""type"": ""bill_payment"", ""day"": 13, ""amount"": 3200.0, ""counterparty"": ""W-742308""}]"
U0057,rider,1.029,1.013,0.0,3,False,False,24497,"[{""name"": ""house_rent"", ""type"": ""send_money"", ""day"": 7, ""amount"": 4600.0, ""counterparty"": ""W-437750""}, {""name"": ""send_home"", ""type"": ""send_money"", ""day"": 7, ""amount"": 6100.0, ""counterparty"": ""W-754688""}, {""name"": ""bike_installment"", ""type"": ""bill_payment"", ""day"": 16, ""amount"": 3000.0, ""counterparty"": ""W-925081""}]"
U0058,rider,0.828,0.987,0.0,2,False,False,19702,"[{""name"": ""house_rent"", ""type"": ""send_money"", ""day"": 7, ""amount"": 4300.0, ""counterparty"": ""W-926124""}, {""name"": ""send_home"", ""type"": ""send_money"", ""day"": 9, ""amount"": 5700.0, ""counterparty"": ""W-878584""}, {""name"": ""bike_installment"", ""type"": ""bill_payment"", ""day"": 17, ""amount"": 2600.0, ""counterparty"": ""W-869010""}]"
U0059,rider,0.777,0.971,0.0,4,False,False,18496,"[{""name"": ""house_rent"", ""type"": ""send_money"", ""day"": 4, ""amount"": 4100.0, ""counterparty"": ""W-975857""}, {""name"": ""send_home"", ""type"": ""send_money"", ""day"": 6, ""amount"": 4500.0, ""counterparty"": ""W-944646""}, {""name"": ""bike_installment"", ""type"": ""bill_payment"", ""day"": 13, ""amount"": 2600.0, ""counterparty"": ""W-836077""}]"
U0060,rider,1.249,0.998,0.0,3,False,False,29738,"[{""name"": ""house_rent"", ""type"": ""send_money"", ""day"": 7, ""amount"": 5600.0, ""counterparty"": ""W-141584""}, {""name"": ""send_home"", ""type"": ""send_money"", ""day"": 6, ""amount"": 7000.0, ""counterparty"": ""W-558140""}, {""name"": ""bike_installment"", ""type"": ""bill_payment"", ""day"": 15, ""amount"": 3600.0, ""counterparty"": ""W-386437""}]"
U0061,garment,0.881,0.954,0.64,3,False,False,14540,"[{""name"": ""house_rent"", ""type"": ""send_money"", ""day"": 12, ""amount"": 2800.0, ""counterparty"": ""W-911739""}, {""name"": ""send_home"", ""type"": ""send_money"", ""day"": 12, ""amount"": 4900.0, ""counterparty"": ""W-102133""}, {""name"": ""savings_samity"", ""type"": ""send_money"", ""day"": 12, ""amount"": 900.0, ""counterparty"": ""W-339896""}]"
U0062,garment,1.419,1.069,0.132,4,True,False,23406,"[{""name"": ""house_rent"", ""type"": ""send_money"", ""day"": 3, ""amount"": 5400.0, ""counterparty"": ""W-263409""}, {""name"": ""send_home"", ""type"": ""send_money"", ""day"": 9, ""amount"": 7800.0, ""counterparty"": ""W-938674""}, {""name"": ""savings_samity"", ""type"": ""send_money"", ""day"": 13, ""amount"": 1500.0, ""counterparty"": ""W-522239""}]"
U0063,garment,1.008,1.023,0.808,5,False,False,16633,"[{""name"": ""house_rent"", ""type"": ""send_money"", ""day"": 10, ""amount"": 3600.0, ""counterparty"": ""W-895815""}, {""name"": ""send_home"", ""type"": ""send_money"", ""day"": 11, ""amount"": 5300.0, ""counterparty"": ""W-745579""}, {""name"": ""savings_samity"", ""type"": ""send_money"", ""day"": 14, ""amount"": 1100.0, ""counterparty"": ""W-153895""}]"
U0064,garment,1.25,0.965,0.318,4,False,False,20629,"[{""name"": ""house_rent"", ""type"": ""send_money"", ""day"": 8, ""amount"": 4800.0, ""counterparty"": ""W-753788""}, {""name"": ""send_home"", ""type"": ""send_money"", ""day"": 12, ""amount"": 6400.0, ""counterparty"": ""W-818890""}, {""name"": ""savings_samity"", ""type"": ""send_money"", ""day"": 13, ""amount"": 1400.0, ""counterparty"": ""W-808565""}]"
U0065,garment,0.901,0.938,0.631,5,False,False,14866,"[{""name"": ""house_rent"", ""type"": ""send_money"", ""day"": 9, ""amount"": 3400.0, ""counterparty"": ""W-951042""}, {""name"": ""send_home"", ""type"": ""send_money"", ""day"": 10, ""amount"": 4300.0, ""counterparty"": ""W-195929""}, {""name"": ""savings_samity"", ""type"": ""send_money"", ""day"": 11, ""amount"": 800.0, ""counterparty"": ""W-113162""}]"
U0066,garment,1.083,0.936,0.333,3,False,False,17869,"[{""name"": ""house_rent"", ""type"": ""send_money"", ""day"": 8, ""amount"": 4200.0, ""counterparty"": ""W-933908""}, {""name"": ""send_home"", ""type"": ""send_money"", ""day"": 13, ""amount"": 4700.0, ""counterparty"": ""W-528857""}, {""name"": ""savings_samity"", ""type"": ""send_money"", ""day"": 12, ""amount"": 1000.0, ""counterparty"": ""W-642929""}]"
U0067,garment,1.188,1.031,0.247,4,False,False,19599,"[{""name"": ""house_rent"", ""type"": ""send_money"", ""day"": 8, ""amount"": 4400.0, ""counterparty"": ""W-510328""}, {""name"": ""send_home"", ""type"": ""send_money"", ""day"": 12, ""amount"": 5800.0, ""counterparty"": ""W-646362""}, {""name"": ""savings_samity"", ""type"": ""send_money"", ""day"": 12, ""amount"": 1300.0, ""counterparty"": ""W-646300""}]"
U0068,garment,0.745,1.063,0.88,2,True,False,12286,"[{""name"": ""house_rent"", ""type"": ""send_money"", ""day"": 3, ""amount"": 2400.0, ""counterparty"": ""W-321846""}, {""name"": ""send_home"", ""type"": ""send_money"", ""day"": 12, ""amount"": 3900.0, ""counterparty"": ""W-163751""}, {""name"": ""savings_samity"", ""type"": ""send_money"", ""day"": 13, ""amount"": 800.0, ""counterparty"": ""W-305238""}]"
U0069,garment,1.041,1.028,0.606,3,False,False,17183,"[{""name"": ""house_rent"", ""type"": ""send_money"", ""day"": 9, ""amount"": 3500.0, ""counterparty"": ""W-512466""}, {""name"": ""send_home"", ""type"": ""send_money"", ""day"": 12, ""amount"": 4700.0, ""counterparty"": ""W-414259""}, {""name"": ""savings_samity"", ""type"": ""send_money"", ""day"": 14, ""amount"": 900.0, ""counterparty"": ""W-258064""}]"
U0070,garment,0.831,1.008,0.812,2,False,False,13715,"[{""name"": ""house_rent"", ""type"": ""send_money"", ""day"": 12, ""amount"": 2600.0, ""counterparty"": ""W-125445""}, {""name"": ""send_home"", ""type"": ""send_money"", ""day"": 9, ""amount"": 3700.0, ""counterparty"": ""W-474993""}, {""name"": ""savings_samity"", ""type"": ""send_money"", ""day"": 14, ""amount"": 800.0, ""counterparty"": ""W-488822""}]"
U0071,garment,0.926,1.061,0.698,2,False,False,15279,"[{""name"": ""house_rent"", ""type"": ""send_money"", ""day"": 10, ""amount"": 3100.0, ""counterparty"": ""W-879727""}, {""name"": ""send_home"", ""type"": ""send_money"", ""day"": 13, ""amount"": 4900.0, ""counterparty"": ""W-306561""}, {""name"": ""savings_samity"", ""type"": ""send_money"", ""day"": 12, ""amount"": 900.0, ""counterparty"": ""W-358613""}]"
U0072,garment,0.974,1.046,0.33,3,False,False,16073,"[{""name"": ""house_rent"", ""type"": ""send_money"", ""day"": 12, ""amount"": 3100.0, ""counterparty"": ""W-686639""}, {""name"": ""send_home"", ""type"": ""send_money"", ""day"": 10, ""amount"": 5200.0, ""counterparty"": ""W-165565""}, {""name"": ""savings_samity"", ""type"": ""send_money"", ""day"": 11, ""amount"": 900.0, ""counterparty"": ""W-222808""}]"
U0073,garment,1.237,0.994,0.314,4,True,False,20415,"[{""name"": ""house_rent"", ""type"": ""send_money"", ""day"": 5, ""amount"": 4400.0, ""counterparty"": ""W-229138""}, {""name"": ""send_home"", ""type"": ""send_money"", ""day"": 10, ""amount"": 5600.0, ""counterparty"": ""W-227833""}, {""name"": ""savings_samity"", ""type"": ""send_money"", ""day"": 14, ""amount"": 1100.0, ""counterparty"": ""W-512178""}]"
U0074,garment,0.955,1.061,0.249,4,False,False,15762,"[{""name"": ""house_rent"", ""type"": ""send_money"", ""day"": 10, ""amount"": 3100.0, ""counterparty"": ""W-598976""}, {""name"": ""send_home"", ""type"": ""send_money"", ""day"": 12, ""amount"": 5200.0, ""counterparty"": ""W-825179""}, {""name"": ""savings_samity"", ""type"": ""send_money"", ""day"": 12, ""amount"": 900.0, ""counterparty"": ""W-134646""}]"
U0075,garment,0.905,0.996,0.425,3,False,False,14939,"[{""name"": ""house_rent"", ""type"": ""send_money"", ""day"": 8, ""amount"": 3600.0, ""counterparty"": ""W-403985""}, {""name"": ""send_home"", ""type"": ""send_money"", ""day"": 12, ""amount"": 4100.0, ""counterparty"": ""W-490906""}, {""name"": ""savings_samity"", ""type"": ""send_money"", ""day"": 12, ""amount"": 800.0, ""counterparty"": ""W-889853""}]"
U0076,garment,1.21,0.941,0.403,2,False,False,19972,"[{""name"": ""house_rent"", ""type"": ""send_money"", ""day"": 12, ""amount"": 4000.0, ""counterparty"": ""W-141213""}, {""name"": ""send_home"", ""type"": ""send_money"", ""day"": 11, ""amount"": 6400.0, ""counterparty"": ""W-637496""}, {""name"": ""savings_samity"", ""type"": ""send_money"", ""day"": 14, ""amount"": 1200.0, ""counterparty"": ""W-160987""}]"
U0077,garment,1.093,1.051,0.363,5,False,False,18032,"[{""name"": ""house_rent"", ""type"": ""send_money"", ""day"": 9, ""amount"": 4300.0, ""counterparty"": ""W-347042""}, {""name"": ""send_home"", ""type"": ""send_money"", ""day"": 13, ""amount"": 4700.0, ""counterparty"": ""W-186360""}, {""name"": ""savings_samity"", ""type"": ""send_money"", ""day"": 14, ""amount"": 1200.0, ""counterparty"": ""W-675606""}]"
U0078,garment,1.03,1.039,0.636,2,False,False,16990,"[{""name"": ""house_rent"", ""type"": ""send_money"", ""day"": 8, ""amount"": 3900.0, ""counterparty"": ""W-617039""}, {""name"": ""send_home"", ""type"": ""send_money"", ""day"": 12, ""amount"": 5200.0, ""counterparty"": ""W-986490""}, {""name"": ""savings_samity"", ""type"": ""send_money"", ""day"": 13, ""amount"": 1200.0, ""counterparty"": ""W-536145""}]"
U0079,garment,0.992,1.063,0.352,3,False,False,16361,"[{""name"": ""house_rent"", ""type"": ""send_money"", ""day"": 11, ""amount"": 3900.0, ""counterparty"": ""W-804197""}, {""name"": ""send_home"", ""type"": ""send_money"", ""day"": 13, ""amount"": 5300.0, ""counterparty"": ""W-229512""}, {""name"": ""savings_samity"", ""type"": ""send_money"", ""day"": 12, ""amount"": 1000.0, ""counterparty"": ""W-915725""}]"
U0080,garment,1.415,1.02,0.328,4,True,False,23346,"[{""name"": ""house_rent"", ""type"": ""send_money"", ""day"": 4, ""amount"": 5400.0, ""counterparty"": ""W-581774""}, {""name"": ""send_home"", ""type"": ""send_money"", ""day"": 12, ""amount"": 7400.0, ""counterparty"": ""W-222473""}, {""name"": ""savings_samity"", ""type"": ""send_money"", ""day"": 13, ""amount"": 1600.0, ""counterparty"": ""W-523913""}]"
U0081,garment,0.786,1.019,0.433,2,False,False,12969,"[{""name"": ""house_rent"", ""type"": ""send_money"", ""day"": 8, ""amount"": 2500.0, ""counterparty"": ""W-438984""}, {""name"": ""send_home"", ""type"": ""send_money"", ""day"": 13, ""amount"": 4300.0, ""counterparty"": ""W-235466""}, {""name"": ""savings_samity"", ""type"": ""send_money"", ""day"": 12, ""amount"": 700.0, ""counterparty"": ""W-628824""}]"
U0082,garment,1.423,1.021,0.327,4,True,False,23482,"[{""name"": ""house_rent"", ""type"": ""send_money"", ""day"": 4, ""amount"": 4600.0, ""counterparty"": ""W-748809""}, {""name"": ""send_home"", ""type"": ""send_money"", ""day"": 12, ""amount"": 7500.0, ""counterparty"": ""W-674289""}, {""name"": ""savings_samity"", ""type"": ""send_money"", ""day"": 13, ""amount"": 1600.0, ""counterparty"": ""W-664196""}]"
U0083,garment,0.945,0.938,0.373,5,True,False,15589,"[{""name"": ""house_rent"", ""type"": ""send_money"", ""day"": 2, ""amount"": 3100.0, ""counterparty"": ""W-361896""}, {""name"": ""send_home"", ""type"": ""send_money"", ""day"": 9, ""amount"": 5300.0, ""counterparty"": ""W-186010""}, {""name"": ""savings_samity"", ""type"": ""send_money"", ""day"": 10, ""amount"": 800.0, ""counterparty"": ""W-705919""}]"
U0084,garment,1.307,1.008,0.272,2,False,False,21567,"[{""name"": ""house_rent"", ""type"": ""send_money"", ""day"": 12, ""amount"": 3900.0, ""counterparty"": ""W-207844""}, {""name"": ""send_home"", ""type"": ""send_money"", ""day"": 13, ""amount"": 6600.0, ""counterparty"": ""W-227037""}, {""name"": ""savings_samity"", ""type"": ""send_money"", ""day"": 12, ""amount"": 1200.0, ""counterparty"": ""W-627852""}]"
U0085,garment,0.783,1.061,0.72,3,False,False,12919,"[{""name"": ""house_rent"", ""type"": ""send_money"", ""day"": 8, ""amount"": 3100.0, ""counterparty"": ""W-269023""}, {""name"": ""send_home"", ""type"": ""send_money"", ""day"": 10, ""amount"": 4000.0, ""counterparty"": ""W-710687""}, {""name"": ""savings_samity"", ""type"": ""send_money"", ""day"": 14, ""amount"": 800.0, ""counterparty"": ""W-195094""}]"
U0086,garment,1.038,0.995,0.642,2,False,False,17125,"[{""name"": ""house_rent"", ""type"": ""send_money"", ""day"": 8, ""amount"": 3700.0, ""counterparty"": ""W-791643""}, {""name"": ""send_home"", ""type"": ""send_money"", ""day"": 13, ""amount"": 4500.0, ""counterparty"": ""W-697007""}, {""name"": ""savings_samity"", ""type"": ""send_money"", ""day"": 13, ""amount"": 1100.0, ""counterparty"": ""W-960832""}]"
U0087,garment,1.168,0.93,0.367,4,False,False,19273,"[{""name"": ""house_rent"", ""type"": ""send_money"", ""day"": 11, ""amount"": 3900.0, ""counterparty"": ""W-734727""}, {""name"": ""send_home"", ""type"": ""send_money"", ""day"": 10, ""amount"": 5600.0, ""counterparty"": ""W-616502""}, {""name"": ""savings_samity"", ""type"": ""send_money"", ""day"": 14, ""amount"": 1100.0, ""counterparty"": ""W-252199""}]"
U0088,garment,1.144,1.002,0.374,2,False,False,18877,"[{""name"": ""house_rent"", ""type"": ""send_money"", ""day"": 9, ""amount"": 4600.0, ""counterparty"": ""W-694544""}, {""name"": ""send_home"", ""type"": ""send_money"", ""day"": 11, ""amount"": 5000.0, ""counterparty"": ""W-619638""}, {""name"": ""savings_samity"", ""type"": ""send_money"", ""day"": 12, ""amount"": 1100.0, ""counterparty"": ""W-672922""}]"
U0089,garment,1.114,1.005,0.371,5,True,False,18383,"[{""name"": ""house_rent"", ""type"": ""send_money"", ""day"": 4, ""amount"": 3600.0, ""counterparty"": ""W-740846""}, {""name"": ""send_home"", ""type"": ""send_money"", ""day"": 9, ""amount"": 6300.0, ""counterparty"": ""W-901566""}, {""name"": ""savings_samity"", ""type"": ""send_money"", ""day"": 12, ""amount"": 1000.0, ""counterparty"": ""W-954059""}]"
U0090,garment,1.368,1.069,0.237,4,True,False,22570,"[{""name"": ""house_rent"", ""type"": ""send_money"", ""day"": 3, ""amount"": 5300.0, ""counterparty"": ""W-818459""}, {""name"": ""send_home"", ""type"": ""send_money"", ""day"": 13, ""amount"": 7600.0, ""counterparty"": ""W-402557""}, {""name"": ""savings_samity"", ""type"": ""send_money"", ""day"": 14, ""amount"": 1600.0, ""counterparty"": ""W-687438""}]"
U0091,garment,0.913,0.985,0.687,5,True,False,15061,"[{""name"": ""house_rent"", ""type"": ""send_money"", ""day"": 4, ""amount"": 2900.0, ""counterparty"": ""W-872243""}, {""name"": ""send_home"", ""type"": ""send_money"", ""day"": 12, ""amount"": 4500.0, ""counterparty"": ""W-101989""}, {""name"": ""savings_samity"", ""type"": ""send_money"", ""day"": 14, ""amount"": 1000.0, ""counterparty"": ""W-147656""}]"
U0092,garment,1.078,0.93,0.439,2,False,False,17790,"[{""name"": ""house_rent"", ""type"": ""send_money"", ""day"": 10, ""amount"": 4100.0, ""counterparty"": ""W-909165""}, {""name"": ""send_home"", ""type"": ""send_money"", ""day"": 10, ""amount"": 4800.0, ""counterparty"": ""W-273914""}, {""name"": ""savings_samity"", ""type"": ""send_money"", ""day"": 13, ""amount"": 1100.0, ""counterparty"": ""W-358150""}]"
U0093,garment,0.85,1.044,0.295,2,False,False,14021,"[{""name"": ""house_rent"", ""type"": ""send_money"", ""day"": 8, ""amount"": 2600.0, ""counterparty"": ""W-271093""}, {""name"": ""send_home"", ""type"": ""send_money"", ""day"": 13, ""amount"": 3800.0, ""counterparty"": ""W-857410""}, {""name"": ""savings_samity"", ""type"": ""send_money"", ""day"": 11, ""amount"": 900.0, ""counterparty"": ""W-630568""}]"
U0094,garment,1.725,0.958,0.311,4,False,False,28465,"[{""name"": ""house_rent"", ""type"": ""send_money"", ""day"": 9, ""amount"": 5500.0, ""counterparty"": ""W-800226""}, {""name"": ""send_home"", ""type"": ""send_money"", ""day"": 13, ""amount"": 7300.0, ""counterparty"": ""W-516727""}, {""name"": ""savings_samity"", ""type"": ""send_money"", ""day"": 13, ""amount"": 1800.0, ""counterparty"": ""W-262239""}]"
U0095,garment,1.083,0.988,0.69,3,False,False,17862,"[{""name"": ""house_rent"", ""type"": ""send_money"", ""day"": 10, ""amount"": 3700.0, ""counterparty"": ""W-224190""}, {""name"": ""send_home"", ""type"": ""send_money"", ""day"": 12, ""amount"": 5300.0, ""counterparty"": ""W-330646""}, {""name"": ""savings_samity"", ""type"": ""send_money"", ""day"": 14, ""amount"": 1000.0, ""counterparty"": ""W-317025""}]"
U0096,garment,0.963,1.059,0.101,4,False,False,15882,"[{""name"": ""house_rent"", ""type"": ""send_money"", ""day"": 11, ""amount"": 3300.0, ""counterparty"": ""W-411532""}, {""name"": ""send_home"", ""type"": ""send_money"", ""day"": 12, ""amount"": 5400.0, ""counterparty"": ""W-784318""}, {""name"": ""savings_samity"", ""type"": ""send_money"", ""day"": 14, ""amount"": 1000.0, ""counterparty"": ""W-947816""}]"
U0097,garment,1.105,1.005,0.718,2,False,False,18237,"[{""name"": ""house_rent"", ""type"": ""send_money"", ""day"": 11, ""amount"": 3800.0, ""counterparty"": ""W-379385""}, {""name"": ""send_home"", ""type"": ""send_money"", ""day"": 11, ""amount"": 5200.0, ""counterparty"": ""W-982463""}, {""name"": ""savings_samity"", ""type"": ""send_money"", ""day"": 12, ""amount"": 1200.0, ""counterparty"": ""W-632099""}]"
U0098,garment,0.858,1.006,0.259,2,True,False,14154,"[{""name"": ""house_rent"", ""type"": ""send_money"", ""day"": 4, ""amount"": 3000.0, ""counterparty"": ""W-275499""}, {""name"": ""send_home"", ""type"": ""send_money"", ""day"": 11, ""amount"": 4100.0, ""counterparty"": ""W-921411""}, {""name"": ""savings_samity"", ""type"": ""send_money"", ""day"": 13, ""amount"": 800.0, ""counterparty"": ""W-330096""}]"
U0099,garment,1.351,0.966,0.896,5,False,False,22299,"[{""name"": ""house_rent"", ""type"": ""send_money"", ""day"": 9, ""amount"": 4400.0, ""counterparty"": ""W-629542""}, {""name"": ""send_home"", ""type"": ""send_money"", ""day"": 10, ""amount"": 6000.0, ""counterparty"": ""W-810559""}, {""name"": ""savings_samity"", ""type"": ""send_money"", ""day"": 14, ""amount"": 1500.0, ""counterparty"": ""W-729622""}]"
U0100,garment,0.999,0.954,0.748,4,True,False,16482,"[{""name"": ""house_rent"", ""type"": ""send_money"", ""day"": 3, ""amount"": 3800.0, ""counterparty"": ""W-682513""}, {""name"": ""send_home"", ""type"": ""send_money"", ""day"": 10, ""amount"": 5000.0, ""counterparty"": ""W-378206""}, {""name"": ""savings_samity"", ""type"": ""send_money"", ""day"": 13, ""amount"": 1100.0, ""counterparty"": ""W-929583""}]"
U0101,garment,1.129,0.996,0.257,2,True,False,18631,"[{""name"": ""house_rent"", ""type"": ""send_money"", ""day"": 3, ""amount"": 4300.0, ""counterparty"": ""W-773594""}, {""name"": ""send_home"", ""type"": ""send_money"", ""day"": 9, ""amount"": 5900.0, ""counterparty"": ""W-544039""}, {""name"": ""savings_samity"", ""type"": ""send_money"", ""day"": 12, ""amount"": 1000.0, ""counterparty"": ""W-360513""}]"
U0102,garment,0.796,0.978,0.7,4,False,False,13130,"[{""name"": ""house_rent"", ""type"": ""send_money"", ""day"": 12, ""amount"": 3100.0, ""counterparty"": ""W-617110""}, {""name"": ""send_home"", ""type"": ""send_money"", ""day"": 10, ""amount"": 4400.0, ""counterparty"": ""W-128797""}, {""name"": ""savings_samity"", ""type"": ""send_money"", ""day"": 11, ""amount"": 800.0, ""counterparty"": ""W-937226""}]"
U0103,garment,1.109,1.021,0.721,3,True,False,18297,"[{""name"": ""house_rent"", ""type"": ""send_money"", ""day"": 5, ""amount"": 3400.0, ""counterparty"": ""W-758090""}, {""name"": ""send_home"", ""type"": ""send_money"", ""day"": 13, ""amount"": 6100.0, ""counterparty"": ""W-451145""}, {""name"": ""savings_samity"", ""type"": ""send_money"", ""day"": 13, ""amount"": 1000.0, ""counterparty"": ""W-700003""}]"
U0104,garment,1.146,1.015,0.776,4,True,False,18909,"[{""name"": ""house_rent"", ""type"": ""send_money"", ""day"": 3, ""amount"": 3600.0, ""counterparty"": ""W-426330""}, {""name"": ""send_home"", ""type"": ""send_money"", ""day"": 10, ""amount"": 5100.0, ""counterparty"": ""W-403218""}, {""name"": ""savings_samity"", ""type"": ""send_money"", ""day"": 13, ""amount"": 1100.0, ""counterparty"": ""W-195137""}]"
U0105,garment,1.104,0.953,0.254,2,False,False,18220,"[{""name"": ""house_rent"", ""type"": ""send_money"", ""day"": 11, ""amount"": 3500.0, ""counterparty"": ""W-110290""}, {""name"": ""send_home"", ""type"": ""send_money"", ""day"": 12, ""amount"": 6300.0, ""counterparty"": ""W-479141""}, {""name"": ""savings_samity"", ""type"": ""send_money"", ""day"": 12, ""amount"": 1200.0, ""counterparty"": ""W-169871""}]"
U0106,garment,0.96,0.979,0.123,3,False,False,15837,"[{""name"": ""house_rent"", ""type"": ""send_money"", ""day"": 11, ""amount"": 3100.0, ""counterparty"": ""W-145705""}, {""name"": ""send_home"", ""type"": ""send_money"", ""day"": 11, ""amount"": 5500.0, ""counterparty"": ""W-224158""}, {""name"": ""savings_samity"", ""type"": ""send_money"", ""day"": 10, ""amount"": 1000.0, ""counterparty"": ""W-501210""}]"
U0107,garment,0.724,0.998,0.477,3,False,False,11941,"[{""name"": ""house_rent"", ""type"": ""send_money"", ""day"": 11, ""amount"": 2300.0, ""counterparty"": ""W-732641""}, {""name"": ""send_home"", ""type"": ""send_money"", ""day"": 12, ""amount"": 3500.0, ""counterparty"": ""W-524390""}, {""name"": ""savings_samity"", ""type"": ""send_money"", ""day"": 10, ""amount"": 700.0, ""counterparty"": ""W-474271""}]"
U0108,garment,1.023,0.967,0.288,3,True,False,16875,"[{""name"": ""house_rent"", ""type"": ""send_money"", ""day"": 4, ""amount"": 3500.0, ""counterparty"": ""W-126432""}, {""name"": ""send_home"", ""type"": ""send_money"", ""day"": 13, ""amount"": 5500.0, ""counterparty"": ""W-551705""}, {""name"": ""savings_samity"", ""type"": ""send_money"", ""day"": 11, ""amount"": 900.0, ""counterparty"": ""W-586163""}]"
U0109,garment,0.935,1.033,0.202,4,False,False,15423,"[{""name"": ""house_rent"", ""type"": ""send_money"", ""day"": 8, ""amount"": 2900.0, ""counterparty"": ""W-366243""}, {""name"": ""send_home"", ""type"": ""send_money"", ""day"": 10, ""amount"": 4100.0, ""counterparty"": ""W-465723""}, {""name"": ""savings_samity"", ""type"": ""send_money"", ""day"": 14, ""amount"": 900.0, ""counterparty"": ""W-703481""}]"
U0110,garment,0.779,1.013,0.774,4,False,False,12858,"[{""name"": ""house_rent"", ""type"": ""send_money"", ""day"": 11, ""amount"": 3100.0, ""counterparty"": ""W-879164""}, {""name"": ""send_home"", ""type"": ""send_money"", ""day"": 9, ""amount"": 3300.0, ""counterparty"": ""W-282702""}, {""name"": ""savings_samity"", ""type"": ""send_money"", ""day"": 13, ""amount"": 800.0, ""counterparty"": ""W-700396""}]"
U0111,garment,1.214,0.941,0.103,3,True,False,20037,"[{""name"": ""house_rent"", ""type"": ""send_money"", ""day"": 3, ""amount"": 4400.0, ""counterparty"": ""W-746667""}, {""name"": ""send_home"", ""type"": ""send_money"", ""day"": 11, ""amount"": 6700.0, ""counterparty"": ""W-496198""}, {""name"": ""savings_samity"", ""type"": ""send_money"", ""day"": 11, ""amount"": 1300.0, ""counterparty"": ""W-161637""}]"
U0112,garment,1.183,0.931,0.615,5,False,False,19521,"[{""name"": ""house_rent"", ""type"": ""send_money"", ""day"": 11, ""amount"": 3700.0, ""counterparty"": ""W-281146""}, {""name"": ""send_home"", ""type"": ""send_money"", ""day"": 12, ""amount"": 6200.0, ""counterparty"": ""W-163331""}, {""name"": ""savings_samity"", ""type"": ""send_money"", ""day"": 11, ""amount"": 1300.0, ""counterparty"": ""W-779950""}]"
U0113,garment,0.823,1.008,0.351,4,False,False,13586,"[{""name"": ""house_rent"", ""type"": ""send_money"", ""day"": 11, ""amount"": 2500.0, ""counterparty"": ""W-404094""}, {""name"": ""send_home"", ""type"": ""send_money"", ""day"": 9, ""amount"": 3600.0, ""counterparty"": ""W-676282""}, {""name"": ""savings_samity"", ""type"": ""send_money"", ""day"": 11, ""amount"": 800.0, ""counterparty"": ""W-326285""}]"
U0114,garment,1.237,0.992,0.641,4,True,False,20417,"[{""name"": ""house_rent"", ""type"": ""send_money"", ""day"": 2, ""amount"": 4000.0, ""counterparty"": ""W-511821""}, {""name"": ""send_home"", ""type"": ""send_money"", ""day"": 10, ""amount"": 5400.0, ""counterparty"": ""W-848875""}, {""name"": ""savings_samity"", ""type"": ""send_money"", ""day"": 14, ""amount"": 1300.0, ""counterparty"": ""W-331211""}]"
U0115,garment,1.259,0.931,0.779,5,True,False,20780,"[{""name"": ""house_rent"", ""type"": ""send_money"", ""day"": 2, ""amount"": 4600.0, ""counterparty"": ""W-604184""}, {""name"": ""send_home"", ""type"": ""send_money"", ""day"": 13, ""amount"": 5800.0, ""counterparty"": ""W-797232""}, {""name"": ""savings_samity"", ""type"": ""send_money"", ""day"": 10, ""amount"": 1400.0, ""counterparty"": ""W-653968""}]"
U0116,garment,0.965,1.06,0.689,3,False,False,15923,"[{""name"": ""house_rent"", ""type"": ""send_money"", ""day"": 9, ""amount"": 2900.0, ""counterparty"": ""W-813023""}, {""name"": ""send_home"", ""type"": ""send_money"", ""day"": 9, ""amount"": 4700.0, ""counterparty"": ""W-388298""}, {""name"": ""savings_samity"", ""type"": ""send_money"", ""day"": 10, ""amount"": 1000.0, ""counterparty"": ""W-397836""}]"
U0117,garment,1.143,0.943,0.248,5,False,False,18866,"[{""name"": ""house_rent"", ""type"": ""send_money"", ""day"": 8, ""amount"": 3500.0, ""counterparty"": ""W-607666""}, {""name"": ""send_home"", ""type"": ""send_money"", ""day"": 13, ""amount"": 5400.0, ""counterparty"": ""W-613895""}, {""name"": ""savings_samity"", ""type"": ""send_money"", ""day"": 14, ""amount"": 1100.0, ""counterparty"": ""W-120254""}]"
U0118,garment,0.822,0.95,0.832,2,False,False,13571,"[{""name"": ""house_rent"", ""type"": ""send_money"", ""day"": 8, ""amount"": 2600.0, ""counterparty"": ""W-348335""}, {""name"": ""send_home"", ""type"": ""send_money"", ""day"": 9, ""amount"": 4600.0, ""counterparty"": ""W-333577""}, {""name"": ""savings_samity"", ""type"": ""send_money"", ""day"": 13, ""amount"": 800.0, ""counterparty"": ""W-564869""}]"
U0119,garment,0.974,0.985,0.361,5,False,False,16064,"[{""name"": ""house_rent"", ""type"": ""send_money"", ""day"": 8, ""amount"": 3300.0, ""counterparty"": ""W-829652""}, {""name"": ""send_home"", ""type"": ""send_money"", ""day"": 10, ""amount"": 5100.0, ""counterparty"": ""W-771887""}, {""name"": ""savings_samity"", ""type"": ""send_money"", ""day"": 11, ""amount"": 900.0, ""counterparty"": ""W-723859""}]"
U0120,garment,0.99,0.983,0.166,5,True,False,16331,"[{""name"": ""house_rent"", ""type"": ""send_money"", ""day"": 3, ""amount"": 3100.0, ""counterparty"": ""W-328013""}, {""name"": ""send_home"", ""type"": ""send_money"", ""day"": 12, ""amount"": 4500.0, ""counterparty"": ""W-795306""}, {""name"": ""savings_samity"", ""type"": ""send_money"", ""day"": 10, ""amount"": 1000.0, ""counterparty"": ""W-623229""}]"
U0121,student,1.188,0.905,0.186,4,False,True,17814,"[{""name"": ""mess_rent"", ""type"": ""send_money"", ""day"": 6, ""amount"": 4000.0, ""counterparty"": ""W-777540""}, {""name"": ""internet"", ""type"": ""bill_payment"", ""day"": 7, ""amount"": 500.0, ""counterparty"": ""W-724015""}]"
U0122,student,1.158,0.939,0.323,5,True,True,17368,"[{""name"": ""mess_rent"", ""type"": ""send_money"", ""day"": 1, ""amount"": 4100.0, ""counterparty"": ""W-628587""}, {""name"": ""internet"", ""type"": ""bill_payment"", ""day"": 9, ""amount"": 500.0, ""counterparty"": ""W-103008""}]"
U0123,student,0.994,0.986,0.846,4,True,True,14915,"[{""name"": ""mess_rent"", ""type"": ""send_money"", ""day"": 1, ""amount"": 4000.0, ""counterparty"": ""W-843664""}, {""name"": ""internet"", ""type"": ""bill_payment"", ""day"": 6, ""amount"": 500.0, ""counterparty"": ""W-898427""}]"
U0124,student,0.658,1.009,0.427,2,False,True,9869,"[{""name"": ""mess_rent"", ""type"": ""send_money"", ""day"": 7, ""amount"": 2400.0, ""counterparty"": ""W-104893""}, {""name"": ""internet"", ""type"": ""bill_payment"", ""day"": 6, ""amount"": 400.0, ""counterparty"": ""W-546418""}]"
U0125,student,0.986,0.997,0.631,4,False,False,10851,"[{""name"": ""mess_rent"", ""type"": ""send_money"", ""day"": 6, ""amount"": 3900.0, ""counterparty"": ""W-482922""}, {""name"": ""internet"", ""type"": ""bill_payment"", ""day"": 9, ""amount"": 400.0, ""counterparty"": ""W-679263""}]"
U0126,student,1.159,0.955,0.599,4,True,True,17385,"[{""name"": ""mess_rent"", ""type"": ""send_money"", ""day"": 1, ""amount"": 4200.0, ""counterparty"": ""W-203831""}, {""name"": ""internet"", ""type"": ""bill_payment"", ""day"": 6, ""amount"": 600.0, ""counterparty"": ""W-144521""}]"
U0127,student,0.947,1.004,0.771,2,False,False,10414,"[{""name"": ""mess_rent"", ""type"": ""send_money"", ""day"": 5, ""amount"": 3400.0, ""counterparty"": ""W-977017""}, {""name"": ""internet"", ""type"": ""bill_payment"", ""day"": 9, ""amount"": 500.0, ""counterparty"": ""W-707078""}]"
U0128,student,0.992,0.983,0.711,2,False,True,14874,"[{""name"": ""mess_rent"", ""type"": ""send_money"", ""day"": 4, ""amount"": 3900.0, ""counterparty"": ""W-746150""}, {""name"": ""internet"", ""type"": ""bill_payment"", ""day"": 8, ""amount"": 500.0, ""counterparty"": ""W-743366""}]"
U0129,student,0.915,0.944,0.886,5,True,True,13732,"[{""name"": ""mess_rent"", ""type"": ""send_money"", ""day"": 1, ""amount"": 2800.0, ""counterparty"": ""W-832774""}, {""name"": ""internet"", ""type"": ""bill_payment"", ""day"": 9, ""amount"": 500.0, ""counterparty"": ""W-744772""}]"
U0130,student,1.042,0.972,0.373,2,False,True,15624,"[{""name"": ""mess_rent"", ""type"": ""send_money"", ""day"": 4, ""amount"": 3300.0, ""counterparty"": ""W-172251""}, {""name"": ""internet"", ""type"": ""bill_payment"", ""day"": 8, ""amount"": 500.0, ""counterparty"": ""W-135658""}]"
U0131,student,0.958,0.997,0.309,4,True,False,10535,"[{""name"": ""mess_rent"", ""type"": ""send_money"", ""day"": 1, ""amount"": 3100.0, ""counterparty"": ""W-247693""}, {""name"": ""internet"", ""type"": ""bill_payment"", ""day"": 6, ""amount"": 500.0, ""counterparty"": ""W-420777""}]"
U0132,student,1.082,1.025,0.187,2,False,False,11905,"[{""name"": ""mess_rent"", ""type"": ""send_money"", ""day"": 5, ""amount"": 4200.0, ""counterparty"": ""W-421059""}, {""name"": ""internet"", ""type"": ""bill_payment"", ""day"": 5, ""amount"": 600.0, ""counterparty"": ""W-481389""}]"
U0133,student,1.036,0.927,0.612,4,False,True,15535,"[{""name"": ""mess_rent"", ""type"": ""send_money"", ""day"": 5, ""amount"": 4100.0, ""counterparty"": ""W-377779""}, {""name"": ""internet"", ""type"": ""bill_payment"", ""day"": 5, ""amount"": 600.0, ""counterparty"": ""W-708533""}]"
U0134,student,0.751,1.003,0.385,5,True,False,8263,"[{""name"": ""mess_rent"", ""type"": ""send_money"", ""day"": 1, ""amount"": 2400.0, ""counterparty"": ""W-286998""}, {""name"": ""internet"", ""type"": ""bill_payment"", ""day"": 5, ""amount"": 400.0, ""counterparty"": ""W-839864""}]"
U0135,student,1.261,0.919,0.447,3,True,True,18920,"[{""name"": ""mess_rent"", ""type"": ""send_money"", ""day"": 1, ""amount"": 4000.0, ""counterparty"": ""W-140144""}, {""name"": ""internet"", ""type"": ""bill_payment"", ""day"": 6, ""amount"": 600.0, ""counterparty"": ""W-497629""}]"
U0136,student,0.91,0.908,0.383,2,False,True,13649,"[{""name"": ""mess_rent"", ""type"": ""send_money"", ""day"": 7, ""amount"": 2700.0, ""counterparty"": ""W-253776""}, {""name"": ""internet"", ""type"": ""bill_payment"", ""day"": 6, ""amount"": 500.0, ""counterparty"": ""W-336231""}]"
U0137,student,0.878,1.03,0.359,3,False,False,9658,"[{""name"": ""mess_rent"", ""type"": ""send_money"", ""day"": 6, ""amount"": 3200.0, ""counterparty"": ""W-498151""}, {""name"": ""internet"", ""type"": ""bill_payment"", ""day"": 8, ""amount"": 500.0, ""counterparty"": ""W-826456""}]"
U0138,student,0.983,0.928,0.622,5,False,True,14741,"[{""name"": ""mess_rent"", ""type"": ""send_money"", ""day"": 3, ""amount"": 3200.0, ""counterparty"": ""W-323164""}, {""name"": ""internet"", ""type"": ""bill_payment"", ""day"": 7, ""amount"": 500.0, ""counterparty"": ""W-123564""}]"
U0139,student,1.147,0.993,0.727,4,False,False,12615,"[{""name"": ""mess_rent"", ""type"": ""send_money"", ""day"": 6, ""amount"": 4200.0, ""counterparty"": ""W-780570""}, {""name"": ""internet"", ""type"": ""bill_payment"", ""day"": 9, ""amount"": 500.0, ""counterparty"": ""W-636496""}]"
U0140,student,0.982,0.905,0.771,3,False,False,10804,"[{""name"": ""mess_rent"", ""type"": ""send_money"", ""day"": 3, ""amount"": 3900.0, ""counterparty"": ""W-711935""}, {""name"": ""internet"", ""type"": ""bill_payment"", ""day"": 6, ""amount"": 400.0, ""counterparty"": ""W-116263""}]"
U0141,student,0.785,0.923,0.174,2,True,False,8630,"[{""name"": ""mess_rent"", ""type"": ""send_money"", ""day"": 1, ""amount"": 2800.0, ""counterparty"": ""W-466759""}, {""name"": ""internet"", ""type"": ""bill_payment"", ""day"": 6, ""amount"": 400.0, ""counterparty"": ""W-923673""}]"
U0142,student,0.919,1.004,0.146,5,False,True,13783,"[{""name"": ""mess_rent"", ""type"": ""send_money"", ""day"": 5, ""amount"": 3400.0, ""counterparty"": ""W-179453""}, {""name"": ""internet"", ""type"": ""bill_payment"", ""day"": 8, ""amount"": 400.0, ""counterparty"": ""W-865369""}]"
U0143,student,0.901,0.969,0.569,2,False,True,13514,"[{""name"": ""mess_rent"", ""type"": ""send_money"", ""day"": 4, ""amount"": 2900.0, ""counterparty"": ""W-888742""}, {""name"": ""internet"", ""type"": ""bill_payment"", ""day"": 7, ""amount"": 400.0, ""counterparty"": ""W-545073""}]"
U0144,student,1.065,0.915,0.487,3,False,True,15970,"[{""name"": ""mess_rent"", ""type"": ""send_money"", ""day"": 3, ""amount"": 4100.0, ""counterparty"": ""W-766224""}, {""name"": ""internet"", ""type"": ""bill_payment"", ""day"": 7, ""amount"": 600.0, ""counterparty"": ""W-285595""}]"
U0145,student,1.654,0.916,0.189,3,True,False,18195,"[{""name"": ""mess_rent"", ""type"": ""send_money"", ""day"": 1, ""amount"": 5400.0, ""counterparty"": ""W-382966""}, {""name"": ""internet"", ""type"": ""bill_payment"", ""day"": 7, ""amount"": 800.0, ""counterparty"": ""W-886371""}]"
U0146,student,1.041,0.954,0.674,3,False,False,11447,"[{""name"": ""mess_rent"", ""type"": ""send_money"", ""day"": 5, ""amount"": 4100.0, ""counterparty"": ""W-468200""}, {""name"": ""internet"", ""type"": ""bill_payment"", ""day"": 6, ""amount"": 500.0, ""counterparty"": ""W-459329""}]"
U0147,student,0.879,0.954,0.52,5,False,False,9667,"[{""name"": ""mess_rent"", ""type"": ""send_money"", ""day"": 6, ""amount"": 3500.0, ""counterparty"": ""W-208482""}, {""name"": ""internet"", ""type"": ""bill_payment"", ""day"": 9, ""amount"": 500.0, ""counterparty"": ""W-281144""}]"
U0148,student,0.658,0.912,0.648,3,True,True,9864,"[{""name"": ""mess_rent"", ""type"": ""send_money"", ""day"": 1, ""amount"": 2200.0, ""counterparty"": ""W-215744""}, {""name"": ""internet"", ""type"": ""bill_payment"", ""day"": 8, ""amount"": 300.0, ""counterparty"": ""W-581699""}]"
U0149,student,0.877,0.901,0.243,5,False,False,9646,"[{""name"": ""mess_rent"", ""type"": ""send_money"", ""day"": 4, ""amount"": 3300.0, ""counterparty"": ""W-673229""}, {""name"": ""internet"", ""type"": ""bill_payment"", ""day"": 8, ""amount"": 500.0, ""counterparty"": ""W-759195""}]"
U0150,student,0.915,0.971,0.345,5,False,True,13726,"[{""name"": ""mess_rent"", ""type"": ""send_money"", ""day"": 4, ""amount"": 3100.0, ""counterparty"": ""W-788077""}, {""name"": ""internet"", ""type"": ""bill_payment"", ""day"": 9, ""amount"": 500.0, ""counterparty"": ""W-698475""}]"
U0151,student,0.901,0.919,0.564,2,False,True,13511,"[{""name"": ""mess_rent"", ""type"": ""send_money"", ""day"": 3, ""amount"": 2800.0, ""counterparty"": ""W-302556""}, {""name"": ""internet"", ""type"": ""bill_payment"", ""day"": 7, ""amount"": 500.0, ""counterparty"": ""W-666734""}]"
U0152,student,0.897,0.921,0.147,2,False,True,13457,"[{""name"": ""mess_rent"", ""type"": ""send_money"", ""day"": 7, ""amount"": 3300.0, ""counterparty"": ""W-867911""}, {""name"": ""internet"", ""type"": ""bill_payment"", ""day"": 6, ""amount"": 500.0, ""counterparty"": ""W-996359""}]"
U0153,student,0.69,0.962,0.769,5,True,True,10354,"[{""name"": ""mess_rent"", ""type"": ""send_money"", ""day"": 1, ""amount"": 2700.0, ""counterparty"": ""W-499211""}, {""name"": ""internet"", ""type"": ""bill_payment"", ""day"": 6, ""amount"": 300.0, ""counterparty"": ""W-587433""}]"
U0154,student,1.468,0.955,0.275,5,False,True,22014,"[{""name"": ""mess_rent"", ""type"": ""send_money"", ""day"": 6, ""amount"": 5600.0, ""counterparty"": ""W-400073""}, {""name"": ""internet"", ""type"": ""bill_payment"", ""day"": 5, ""amount"": 800.0, ""counterparty"": ""W-611812""}]"
U0155,student,1.042,0.902,0.739,2,False,True,15626,"[{""name"": ""mess_rent"", ""type"": ""send_money"", ""day"": 3, ""amount"": 4000.0, ""counterparty"": ""W-946505""}, {""name"": ""internet"", ""type"": ""bill_payment"", ""day"": 7, ""amount"": 500.0, ""counterparty"": ""W-239821""}]"
U0156,student,1.087,0.959,0.241,3,False,True,16303,"[{""name"": ""mess_rent"", ""type"": ""send_money"", ""day"": 7, ""amount"": 4000.0, ""counterparty"": ""W-785728""}, {""name"": ""internet"", ""type"": ""bill_payment"", ""day"": 9, ""amount"": 500.0, ""counterparty"": ""W-405892""}]"
U0157,student,0.949,1.011,0.387,3,False,True,14228,"[{""name"": ""mess_rent"", ""type"": ""send_money"", ""day"": 3, ""amount"": 3100.0, ""counterparty"": ""W-878351""}, {""name"": ""internet"", ""type"": ""bill_payment"", ""day"": 6, ""amount"": 400.0, ""counterparty"": ""W-839182""}]"
U0158,student,1.108,0.908,0.315,3,True,False,12188,"[{""name"": ""mess_rent"", ""type"": ""send_money"", ""day"": 1, ""amount"": 3300.0, ""counterparty"": ""W-909735""}, {""name"": ""internet"", ""type"": ""bill_payment"", ""day"": 6, ""amount"": 500.0, ""counterparty"": ""W-393987""}]"
U0159,student,1.326,0.901,0.567,5,False,True,19890,"[{""name"": ""mess_rent"", ""type"": ""send_money"", ""day"": 7, ""amount"": 5100.0, ""counterparty"": ""W-451452""}, {""name"": ""internet"", ""type"": ""bill_payment"", ""day"": 5, ""amount"": 700.0, ""counterparty"": ""W-404275""}]"
U0160,student,1.262,1.002,0.543,3,False,True,18925,"[{""name"": ""mess_rent"", ""type"": ""send_money"", ""day"": 6, ""amount"": 4400.0, ""counterparty"": ""W-583050""}, {""name"": ""internet"", ""type"": ""bill_payment"", ""day"": 9, ""amount"": 600.0, ""counterparty"": ""W-869282""}]"
U0161,student,1.137,0.99,0.51,3,False,False,12508,"[{""name"": ""mess_rent"", ""type"": ""send_money"", ""day"": 4, ""amount"": 4100.0, ""counterparty"": ""W-586961""}, {""name"": ""internet"", ""type"": ""bill_payment"", ""day"": 9, ""amount"": 500.0, ""counterparty"": ""W-476721""}]"
U0162,student,1.001,0.991,0.615,5,False,False,11016,"[{""name"": ""mess_rent"", ""type"": ""send_money"", ""day"": 6, ""amount"": 4000.0, ""counterparty"": ""W-919650""}, {""name"": ""internet"", ""type"": ""bill_payment"", ""day"": 5, ""amount"": 500.0, ""counterparty"": ""W-801912""}]"
U0163,student,1.004,0.986,0.863,4,True,False,11048,"[{""name"": ""mess_rent"", ""type"": ""send_money"", ""day"": 1, ""amount"": 3500.0, ""counterparty"": ""W-118536""}, {""name"": ""internet"", ""type"": ""bill_payment"", ""day"": 8, ""amount"": 500.0, ""counterparty"": ""W-599415""}]"
U0164,student,0.888,0.969,0.785,2,True,True,13323,"[{""name"": ""mess_rent"", ""type"": ""send_money"", ""day"": 1, ""amount"": 2800.0, ""counterparty"": ""W-820181""}, {""name"": ""internet"", ""type"": ""bill_payment"", ""day"": 5, ""amount"": 500.0, ""counterparty"": ""W-929020""}]"
U0165,student,1.067,0.983,0.262,3,False,True,16005,"[{""name"": ""mess_rent"", ""type"": ""send_money"", ""day"": 6, ""amount"": 4100.0, ""counterparty"": ""W-597545""}, {""name"": ""internet"", ""type"": ""bill_payment"", ""day"": 8, ""amount"": 600.0, ""counterparty"": ""W-573511""}]"
U0166,student,0.861,0.999,0.752,5,False,False,9474,"[{""name"": ""mess_rent"", ""type"": ""send_money"", ""day"": 5, ""amount"": 3400.0, ""counterparty"": ""W-998629""}, {""name"": ""internet"", ""type"": ""bill_payment"", ""day"": 6, ""amount"": 400.0, ""counterparty"": ""W-273053""}]"
U0167,student,1.025,0.992,0.282,4,True,True,15368,"[{""name"": ""mess_rent"", ""type"": ""send_money"", ""day"": 1, ""amount"": 4000.0, ""counterparty"": ""W-851068""}, {""name"": ""internet"", ""type"": ""bill_payment"", ""day"": 5, ""amount"": 500.0, ""counterparty"": ""W-636767""}]"
U0168,student,0.724,1.024,0.858,3,False,False,7964,"[{""name"": ""mess_rent"", ""type"": ""send_money"", ""day"": 7, ""amount"": 2400.0, ""counterparty"": ""W-718819""}, {""name"": ""internet"", ""type"": ""bill_payment"", ""day"": 8, ""amount"": 400.0, ""counterparty"": ""W-921251""}]"
U0169,student,1.62,0.987,0.304,2,False,False,17819,"[{""name"": ""mess_rent"", ""type"": ""send_money"", ""day"": 4, ""amount"": 4900.0, ""counterparty"": ""W-938642""}, {""name"": ""internet"", ""type"": ""bill_payment"", ""day"": 6, ""amount"": 900.0, ""counterparty"": ""W-978368""}]"
U0170,student,1.033,0.94,0.389,3,False,True,15489,"[{""name"": ""mess_rent"", ""type"": ""send_money"", ""day"": 4, ""amount"": 3800.0, ""counterparty"": ""W-688469""}, {""name"": ""internet"", ""type"": ""bill_payment"", ""day"": 9, ""amount"": 500.0, ""counterparty"": ""W-475001""}]"
U0171,student,1.244,0.967,0.86,5,False,False,13681,"[{""name"": ""mess_rent"", ""type"": ""send_money"", ""day"": 7, ""amount"": 4500.0, ""counterparty"": ""W-797475""}, {""name"": ""internet"", ""type"": ""bill_payment"", ""day"": 9, ""amount"": 600.0, ""counterparty"": ""W-337538""}]"
U0172,student,0.855,0.991,0.789,2,False,True,12820,"[{""name"": ""mess_rent"", ""type"": ""send_money"", ""day"": 3, ""amount"": 3100.0, ""counterparty"": ""W-477125""}, {""name"": ""internet"", ""type"": ""bill_payment"", ""day"": 5, ""amount"": 500.0, ""counterparty"": ""W-495660""}]"
U0173,student,0.881,1.012,0.517,4,False,False,9693,"[{""name"": ""mess_rent"", ""type"": ""send_money"", ""day"": 7, ""amount"": 2700.0, ""counterparty"": ""W-480229""}, {""name"": ""internet"", ""type"": ""bill_payment"", ""day"": 9, ""amount"": 400.0, ""counterparty"": ""W-345321""}]"
U0174,student,1.116,1.019,0.697,3,True,True,16739,"[{""name"": ""mess_rent"", ""type"": ""send_money"", ""day"": 1, ""amount"": 4500.0, ""counterparty"": ""W-969003""}, {""name"": ""internet"", ""type"": ""bill_payment"", ""day"": 5, ""amount"": 600.0, ""counterparty"": ""W-976665""}]"
U0175,student,1.17,1.028,0.734,2,False,True,17553,"[{""name"": ""mess_rent"", ""type"": ""send_money"", ""day"": 6, ""amount"": 3900.0, ""counterparty"": ""W-244151""}, {""name"": ""internet"", ""type"": ""bill_payment"", ""day"": 5, ""amount"": 600.0, ""counterparty"": ""W-370664""}]"
U0176,student,0.737,1.01,0.202,4,False,True,11062,"[{""name"": ""mess_rent"", ""type"": ""send_money"", ""day"": 6, ""amount"": 2900.0, ""counterparty"": ""W-172124""}, {""name"": ""internet"", ""type"": ""bill_payment"", ""day"": 5, ""amount"": 400.0, ""counterparty"": ""W-476862""}]"
U0177,student,1.198,0.977,0.77,2,False,False,13182,"[{""name"": ""mess_rent"", ""type"": ""send_money"", ""day"": 5, ""amount"": 3700.0, ""counterparty"": ""W-232261""}, {""name"": ""internet"", ""type"": ""bill_payment"", ""day"": 8, ""amount"": 700.0, ""counterparty"": ""W-487212""}]"
U0178,student,0.853,0.949,0.485,2,False,False,9379,"[{""name"": ""mess_rent"", ""type"": ""send_money"", ""day"": 7, ""amount"": 2700.0, ""counterparty"": ""W-282288""}, {""name"": ""internet"", ""type"": ""bill_payment"", ""day"": 6, ""amount"": 400.0, ""counterparty"": ""W-635822""}]"
U0179,student,0.941,0.998,0.58,5,True,False,10349,"[{""name"": ""mess_rent"", ""type"": ""send_money"", ""day"": 1, ""amount"": 3400.0, ""counterparty"": ""W-529960""}, {""name"": ""internet"", ""type"": ""bill_payment"", ""day"": 5, ""amount"": 500.0, ""counterparty"": ""W-516833""}]"
U0180,student,1.277,0.982,0.827,5,True,True,19152,"[{""name"": ""mess_rent"", ""type"": ""send_money"", ""day"": 1, ""amount"": 4600.0, ""counterparty"": ""W-486464""}, {""name"": ""internet"", ""type"": ""bill_payment"", ""day"": 5, ""amount"": 600.0, ""counterparty"": ""W-235932""}]"
U0181,shopkeeper,0.977,0.943,0.0,2,False,False,26295,"[{""name"": ""shop_rent"", ""type"": ""send_money"", ""day"": 5, ""amount"": 9200.0, ""counterparty"": ""W-538552""}, {""name"": ""electricity"", ""type"": ""bill_payment"", ""day"": 14, ""amount"": 2700.0, ""counterparty"": ""W-788157""}]"
U0182,shopkeeper,0.684,0.951,0.0,5,False,False,18416,"[{""name"": ""shop_rent"", ""type"": ""send_money"", ""day"": 7, ""amount"": 6300.0, ""counterparty"": ""W-885543""}, {""name"": ""electricity"", ""type"": ""bill_payment"", ""day"": 13, ""amount"": 1900.0, ""counterparty"": ""W-560221""}]"
U0183,shopkeeper,0.855,0.972,0.0,4,False,False,23023,"[{""name"": ""shop_rent"", ""type"": ""send_money"", ""day"": 7, ""amount"": 6600.0, ""counterparty"": ""W-535701""}, {""name"": ""electricity"", ""type"": ""bill_payment"", ""day"": 13, ""amount"": 2400.0, ""counterparty"": ""W-809775""}]"
U0184,shopkeeper,1.185,0.99,0.0,5,False,False,31883,"[{""name"": ""shop_rent"", ""type"": ""send_money"", ""day"": 6, ""amount"": 11300.0, ""counterparty"": ""W-389378""}, {""name"": ""electricity"", ""type"": ""bill_payment"", ""day"": 10, ""amount"": 3300.0, ""counterparty"": ""W-994750""}]"
U0185,shopkeeper,1.411,1.041,0.0,5,False,False,37981,"[{""name"": ""shop_rent"", ""type"": ""send_money"", ""day"": 7, ""amount"": 11100.0, ""counterparty"": ""W-814368""}, {""name"": ""electricity"", ""type"": ""bill_payment"", ""day"": 11, ""amount"": 3600.0, ""counterparty"": ""W-675227""}]"
U0186,shopkeeper,0.999,0.994,0.0,5,False,False,26876,"[{""name"": ""shop_rent"", ""type"": ""send_money"", ""day"": 7, ""amount"": 10200.0, ""counterparty"": ""W-247774""}, {""name"": ""electricity"", ""type"": ""bill_payment"", ""day"": 14, ""amount"": 2500.0, ""counterparty"": ""W-456738""}]"
U0187,shopkeeper,1.16,1.067,0.0,4,False,False,31222,"[{""name"": ""shop_rent"", ""type"": ""send_money"", ""day"": 4, ""amount"": 9400.0, ""counterparty"": ""W-893364""}, {""name"": ""electricity"", ""type"": ""bill_payment"", ""day"": 10, ""amount"": 2800.0, ""counterparty"": ""W-311637""}]"
U0188,shopkeeper,0.97,0.966,0.0,3,False,False,26106,"[{""name"": ""shop_rent"", ""type"": ""send_money"", ""day"": 6, ""amount"": 9400.0, ""counterparty"": ""W-736831""}, {""name"": ""electricity"", ""type"": ""bill_payment"", ""day"": 12, ""amount"": 2500.0, ""counterparty"": ""W-761111""}]"
U0189,shopkeeper,1.264,1.064,0.0,2,False,False,34016,"[{""name"": ""shop_rent"", ""type"": ""send_money"", ""day"": 6, ""amount"": 10300.0, ""counterparty"": ""W-602032""}, {""name"": ""electricity"", ""type"": ""bill_payment"", ""day"": 10, ""amount"": 3400.0, ""counterparty"": ""W-455964""}]"
U0190,shopkeeper,0.97,1.008,0.0,4,False,False,26099,"[{""name"": ""shop_rent"", ""type"": ""send_money"", ""day"": 6, ""amount"": 8000.0, ""counterparty"": ""W-499284""}, {""name"": ""electricity"", ""type"": ""bill_payment"", ""day"": 12, ""amount"": 2500.0, ""counterparty"": ""W-818048""}]"
U0191,shopkeeper,0.954,1.014,0.0,2,False,False,25668,"[{""name"": ""shop_rent"", ""type"": ""send_money"", ""day"": 6, ""amount"": 9800.0, ""counterparty"": ""W-127804""}, {""name"": ""electricity"", ""type"": ""bill_payment"", ""day"": 12, ""amount"": 2300.0, ""counterparty"": ""W-774186""}]"
U0192,shopkeeper,1.19,1.004,0.0,5,False,False,32023,"[{""name"": ""shop_rent"", ""type"": ""send_money"", ""day"": 3, ""amount"": 10900.0, ""counterparty"": ""W-295449""}, {""name"": ""electricity"", ""type"": ""bill_payment"", ""day"": 14, ""amount"": 2800.0, ""counterparty"": ""W-964576""}]"
U0193,shopkeeper,1.019,1.008,0.0,2,False,False,27426,"[{""name"": ""shop_rent"", ""type"": ""send_money"", ""day"": 7, ""amount"": 10000.0, ""counterparty"": ""W-462718""}, {""name"": ""electricity"", ""type"": ""bill_payment"", ""day"": 11, ""amount"": 2300.0, ""counterparty"": ""W-787438""}]"
U0194,shopkeeper,1.145,0.982,0.0,5,False,False,30820,"[{""name"": ""shop_rent"", ""type"": ""send_money"", ""day"": 7, ""amount"": 11200.0, ""counterparty"": ""W-226020""}, {""name"": ""electricity"", ""type"": ""bill_payment"", ""day"": 13, ""amount"": 2900.0, ""counterparty"": ""W-275869""}]"
U0195,shopkeeper,0.862,1.049,0.0,5,False,False,23205,"[{""name"": ""shop_rent"", ""type"": ""send_money"", ""day"": 6, ""amount"": 7300.0, ""counterparty"": ""W-565272""}, {""name"": ""electricity"", ""type"": ""bill_payment"", ""day"": 11, ""amount"": 2200.0, ""counterparty"": ""W-612594""}]"
U0196,shopkeeper,1.17,1.044,0.0,3,False,False,31490,"[{""name"": ""shop_rent"", ""type"": ""send_money"", ""day"": 7, ""amount"": 9900.0, ""counterparty"": ""W-400361""}, {""name"": ""electricity"", ""type"": ""bill_payment"", ""day"": 13, ""amount"": 2900.0, ""counterparty"": ""W-371365""}]"
U0197,shopkeeper,0.972,0.979,0.0,2,False,False,26164,"[{""name"": ""shop_rent"", ""type"": ""send_money"", ""day"": 5, ""amount"": 8100.0, ""counterparty"": ""W-865469""}, {""name"": ""electricity"", ""type"": ""bill_payment"", ""day"": 12, ""amount"": 2700.0, ""counterparty"": ""W-771244""}]"
U0198,shopkeeper,1.068,0.947,0.0,4,False,False,28737,"[{""name"": ""shop_rent"", ""type"": ""send_money"", ""day"": 5, ""amount"": 8200.0, ""counterparty"": ""W-629533""}, {""name"": ""electricity"", ""type"": ""bill_payment"", ""day"": 12, ""amount"": 2700.0, ""counterparty"": ""W-102419""}]"
U0199,shopkeeper,0.855,1.022,0.0,3,False,False,23018,"[{""name"": ""shop_rent"", ""type"": ""send_money"", ""day"": 7, ""amount"": 8600.0, ""counterparty"": ""W-826434""}, {""name"": ""electricity"", ""type"": ""bill_payment"", ""day"": 10, ""amount"": 1800.0, ""counterparty"": ""W-220271""}]"
U0200,shopkeeper,0.887,0.941,0.0,5,False,False,23883,"[{""name"": ""shop_rent"", ""type"": ""send_money"", ""day"": 3, ""amount"": 7500.0, ""counterparty"": ""W-700522""}, {""name"": ""electricity"", ""type"": ""bill_payment"", ""day"": 11, ""amount"": 2500.0, ""counterparty"": ""W-776349""}]"
U0201,shopkeeper,1.151,1.004,0.0,2,False,False,30968,"[{""name"": ""shop_rent"", ""type"": ""send_money"", ""day"": 3, ""amount"": 9400.0, ""counterparty"": ""W-403201""}, {""name"": ""electricity"", ""type"": ""bill_payment"", ""day"": 10, ""amount"": 3000.0, ""counterparty"": ""W-547796""}]"
U0202,shopkeeper,1.085,1.02,0.0,5,False,False,29202,"[{""name"": ""shop_rent"", ""type"": ""send_money"", ""day"": 7, ""amount"": 9400.0, ""counterparty"": ""W-203524""}, {""name"": ""electricity"", ""type"": ""bill_payment"", ""day"": 11, ""amount"": 3000.0, ""counterparty"": ""W-373490""}]"
U0203,shopkeeper,0.881,0.958,0.0,3,False,False,23716,"[{""name"": ""shop_rent"", ""type"": ""send_money"", ""day"": 3, ""amount"": 8400.0, ""counterparty"": ""W-908736""}, {""name"": ""electricity"", ""type"": ""bill_payment"", ""day"": 10, ""amount"": 2400.0, ""counterparty"": ""W-110654""}]"
U0204,shopkeeper,1.006,1.035,0.0,2,False,False,27082,"[{""name"": ""shop_rent"", ""type"": ""send_money"", ""day"": 4, ""amount"": 9400.0, ""counterparty"": ""W-666336""}, {""name"": ""electricity"", ""type"": ""bill_payment"", ""day"": 11, ""amount"": 2300.0, ""counterparty"": ""W-383686""}]"
U0205,shopkeeper,0.946,0.94,0.0,2,False,False,25457,"[{""name"": ""shop_rent"", ""type"": ""send_money"", ""day"": 7, ""amount"": 7800.0, ""counterparty"": ""W-632513""}, {""name"": ""electricity"", ""type"": ""bill_payment"", ""day"": 13, ""amount"": 2700.0, ""counterparty"": ""W-629552""}]"
U0206,shopkeeper,1.381,0.966,0.0,5,False,False,37180,"[{""name"": ""shop_rent"", ""type"": ""send_money"", ""day"": 3, ""amount"": 10800.0, ""counterparty"": ""W-492022""}, {""name"": ""electricity"", ""type"": ""bill_payment"", ""day"": 11, ""amount"": 3100.0, ""counterparty"": ""W-364024""}]"
U0207,shopkeeper,0.834,1.068,0.0,2,False,False,22438,"[{""name"": ""shop_rent"", ""type"": ""send_money"", ""day"": 4, ""amount"": 7200.0, ""counterparty"": ""W-891234""}, {""name"": ""electricity"", ""type"": ""bill_payment"", ""day"": 11, ""amount"": 2100.0, ""counterparty"": ""W-926227""}]"
U0208,shopkeeper,0.789,0.956,0.0,4,False,False,21245,"[{""name"": ""shop_rent"", ""type"": ""send_money"", ""day"": 5, ""amount"": 7300.0, ""counterparty"": ""W-258259""}, {""name"": ""electricity"", ""type"": ""bill_payment"", ""day"": 12, ""amount"": 2100.0, ""counterparty"": ""W-138880""}]"
U0209,shopkeeper,0.877,1.003,0.0,4,False,False,23595,"[{""name"": ""shop_rent"", ""type"": ""send_money"", ""day"": 7, ""amount"": 8900.0, ""counterparty"": ""W-642225""}, {""name"": ""electricity"", ""type"": ""bill_payment"", ""day"": 13, ""amount"": 1900.0, ""counterparty"": ""W-704081""}]"
U0210,shopkeeper,1.079,1.065,0.0,2,False,False,29043,"[{""name"": ""shop_rent"", ""type"": ""send_money"", ""day"": 6, ""amount"": 10600.0, ""counterparty"": ""W-949525""}, {""name"": ""electricity"", ""type"": ""bill_payment"", ""day"": 13, ""amount"": 2400.0, ""counterparty"": ""W-601022""}]"
U0211,shopkeeper,1.281,1.051,0.0,2,False,False,34479,"[{""name"": ""shop_rent"", ""type"": ""send_money"", ""day"": 3, ""amount"": 12800.0, ""counterparty"": ""W-600452""}, {""name"": ""electricity"", ""type"": ""bill_payment"", ""day"": 12, ""amount"": 3600.0, ""counterparty"": ""W-508678""}]"
U0212,shopkeeper,1.071,1.042,0.0,2,False,False,28834,"[{""name"": ""shop_rent"", ""type"": ""send_money"", ""day"": 7, ""amount"": 9900.0, ""counterparty"": ""W-817472""}, {""name"": ""electricity"", ""type"": ""bill_payment"", ""day"": 13, ""amount"": 2900.0, ""counterparty"": ""W-386783""}]"
U0213,shopkeeper,1.213,0.936,0.0,4,False,False,32638,"[{""name"": ""shop_rent"", ""type"": ""send_money"", ""day"": 3, ""amount"": 11100.0, ""counterparty"": ""W-228988""}, {""name"": ""electricity"", ""type"": ""bill_payment"", ""day"": 11, ""amount"": 3400.0, ""counterparty"": ""W-662182""}]"
U0214,shopkeeper,1.065,0.986,0.0,2,False,False,28659,"[{""name"": ""shop_rent"", ""type"": ""send_money"", ""day"": 3, ""amount"": 9000.0, ""counterparty"": ""W-751706""}, {""name"": ""electricity"", ""type"": ""bill_payment"", ""day"": 11, ""amount"": 2300.0, ""counterparty"": ""W-829268""}]"
U0215,shopkeeper,1.028,0.99,0.0,5,False,False,27682,"[{""name"": ""shop_rent"", ""type"": ""send_money"", ""day"": 3, ""amount"": 9400.0, ""counterparty"": ""W-933815""}, {""name"": ""electricity"", ""type"": ""bill_payment"", ""day"": 13, ""amount"": 2500.0, ""counterparty"": ""W-796223""}]"
U0216,shopkeeper,0.68,1.056,0.0,4,False,False,18310,"[{""name"": ""shop_rent"", ""type"": ""send_money"", ""day"": 7, ""amount"": 6000.0, ""counterparty"": ""W-700502""}, {""name"": ""electricity"", ""type"": ""bill_payment"", ""day"": 14, ""amount"": 1600.0, ""counterparty"": ""W-516099""}]"
U0217,shopkeeper,1.341,1.028,0.0,4,False,False,36105,"[{""name"": ""shop_rent"", ""type"": ""send_money"", ""day"": 3, ""amount"": 13700.0, ""counterparty"": ""W-395166""}, {""name"": ""electricity"", ""type"": ""bill_payment"", ""day"": 14, ""amount"": 3100.0, ""counterparty"": ""W-259519""}]"
U0218,shopkeeper,0.857,0.934,0.0,4,False,False,23059,"[{""name"": ""shop_rent"", ""type"": ""send_money"", ""day"": 4, ""amount"": 7900.0, ""counterparty"": ""W-495050""}, {""name"": ""electricity"", ""type"": ""bill_payment"", ""day"": 11, ""amount"": 2500.0, ""counterparty"": ""W-880292""}]"
U0219,shopkeeper,0.787,1.056,0.0,2,False,False,21183,"[{""name"": ""shop_rent"", ""type"": ""send_money"", ""day"": 3, ""amount"": 6700.0, ""counterparty"": ""W-362961""}, {""name"": ""electricity"", ""type"": ""bill_payment"", ""day"": 12, ""amount"": 2100.0, ""counterparty"": ""W-372946""}]"
U0220,shopkeeper,1.45,0.947,0.0,5,False,False,39015,"[{""name"": ""shop_rent"", ""type"": ""send_money"", ""day"": 7, ""amount"": 14200.0, ""counterparty"": ""W-243673""}, {""name"": ""electricity"", ""type"": ""bill_payment"", ""day"": 12, ""amount"": 3900.0, ""counterparty"": ""W-783807""}]"
U0221,shopkeeper,1.116,1.055,0.0,3,False,False,30035,"[{""name"": ""shop_rent"", ""type"": ""send_money"", ""day"": 3, ""amount"": 11400.0, ""counterparty"": ""W-777134""}, {""name"": ""electricity"", ""type"": ""bill_payment"", ""day"": 11, ""amount"": 3200.0, ""counterparty"": ""W-469087""}]"
U0222,shopkeeper,0.897,1.056,0.0,5,False,False,24131,"[{""name"": ""shop_rent"", ""type"": ""send_money"", ""day"": 5, ""amount"": 8000.0, ""counterparty"": ""W-108000""}, {""name"": ""electricity"", ""type"": ""bill_payment"", ""day"": 10, ""amount"": 2000.0, ""counterparty"": ""W-978707""}]"
U0223,shopkeeper,1.114,1.01,0.0,4,False,False,29978,"[{""name"": ""shop_rent"", ""type"": ""send_money"", ""day"": 5, ""amount"": 9600.0, ""counterparty"": ""W-944818""}, {""name"": ""electricity"", ""type"": ""bill_payment"", ""day"": 10, ""amount"": 3000.0, ""counterparty"": ""W-903144""}]"
U0224,shopkeeper,0.817,0.997,0.0,3,False,False,21982,"[{""name"": ""shop_rent"", ""type"": ""send_money"", ""day"": 3, ""amount"": 6400.0, ""counterparty"": ""W-348581""}, {""name"": ""electricity"", ""type"": ""bill_payment"", ""day"": 10, ""amount"": 2300.0, ""counterparty"": ""W-531102""}]"
U0225,shopkeeper,0.888,0.97,0.0,4,False,False,23914,"[{""name"": ""shop_rent"", ""type"": ""send_money"", ""day"": 7, ""amount"": 9100.0, ""counterparty"": ""W-263890""}, {""name"": ""electricity"", ""type"": ""bill_payment"", ""day"": 13, ""amount"": 2000.0, ""counterparty"": ""W-734179""}]"
U0226,shopkeeper,0.883,0.998,0.0,2,False,False,23757,"[{""name"": ""shop_rent"", ""type"": ""send_money"", ""day"": 7, ""amount"": 6800.0, ""counterparty"": ""W-508729""}, {""name"": ""electricity"", ""type"": ""bill_payment"", ""day"": 11, ""amount"": 2400.0, ""counterparty"": ""W-674943""}]"
U0227,shopkeeper,0.784,1.051,0.0,3,False,False,21110,"[{""name"": ""shop_rent"", ""type"": ""send_money"", ""day"": 3, ""amount"": 6900.0, ""counterparty"": ""W-791366""}, {""name"": ""electricity"", ""type"": ""bill_payment"", ""day"": 13, ""amount"": 2000.0, ""counterparty"": ""W-840701""}]"
U0228,shopkeeper,0.949,0.935,0.0,5,False,False,25545,"[{""name"": ""shop_rent"", ""type"": ""send_money"", ""day"": 7, ""amount"": 8600.0, ""counterparty"": ""W-343752""}, {""name"": ""electricity"", ""type"": ""bill_payment"", ""day"": 13, ""amount"": 2200.0, ""counterparty"": ""W-733416""}]"
U0229,shopkeeper,1.051,1.004,0.0,3,False,False,28291,"[{""name"": ""shop_rent"", ""type"": ""send_money"", ""day"": 4, ""amount"": 8900.0, ""counterparty"": ""W-730731""}, {""name"": ""electricity"", ""type"": ""bill_payment"", ""day"": 14, ""amount"": 2500.0, ""counterparty"": ""W-686783""}]"
U0230,shopkeeper,0.925,0.956,0.0,3,False,False,24906,"[{""name"": ""shop_rent"", ""type"": ""send_money"", ""day"": 6, ""amount"": 7300.0, ""counterparty"": ""W-501875""}, {""name"": ""electricity"", ""type"": ""bill_payment"", ""day"": 13, ""amount"": 2500.0, ""counterparty"": ""W-868287""}]"
U0231,shopkeeper,1.157,1.004,0.0,4,False,False,31144,"[{""name"": ""shop_rent"", ""type"": ""send_money"", ""day"": 7, ""amount"": 9500.0, ""counterparty"": ""W-193445""}, {""name"": ""electricity"", ""type"": ""bill_payment"", ""day"": 10, ""amount"": 2600.0, ""counterparty"": ""W-233833""}]"
U0232,shopkeeper,1.129,0.946,0.0,4,False,False,30376,"[{""name"": ""shop_rent"", ""type"": ""send_money"", ""day"": 6, ""amount"": 10100.0, ""counterparty"": ""W-504542""}, {""name"": ""electricity"", ""type"": ""bill_payment"", ""day"": 12, ""amount"": 2500.0, ""counterparty"": ""W-163713""}]"
U0233,shopkeeper,0.806,1.044,0.0,2,False,False,21682,"[{""name"": ""shop_rent"", ""type"": ""send_money"", ""day"": 5, ""amount"": 6800.0, ""counterparty"": ""W-854910""}, {""name"": ""electricity"", ""type"": ""bill_payment"", ""day"": 11, ""amount"": 2300.0, ""counterparty"": ""W-623077""}]"
U0234,shopkeeper,0.747,0.938,0.0,3,False,False,20099,"[{""name"": ""shop_rent"", ""type"": ""send_money"", ""day"": 4, ""amount"": 6800.0, ""counterparty"": ""W-634461""}, {""name"": ""electricity"", ""type"": ""bill_payment"", ""day"": 11, ""amount"": 2000.0, ""counterparty"": ""W-975415""}]"
U0235,shopkeeper,1.552,1.044,0.0,3,False,False,41785,"[{""name"": ""shop_rent"", ""type"": ""send_money"", ""day"": 5, ""amount"": 12200.0, ""counterparty"": ""W-326667""}, {""name"": ""electricity"", ""type"": ""bill_payment"", ""day"": 13, ""amount"": 4000.0, ""counterparty"": ""W-391997""}]"
U0236,shopkeeper,1.366,0.977,0.0,2,False,False,36758,"[{""name"": ""shop_rent"", ""type"": ""send_money"", ""day"": 3, ""amount"": 12700.0, ""counterparty"": ""W-884438""}, {""name"": ""electricity"", ""type"": ""bill_payment"", ""day"": 12, ""amount"": 3100.0, ""counterparty"": ""W-368393""}]"
U0237,shopkeeper,0.98,1.05,0.0,2,False,False,26389,"[{""name"": ""shop_rent"", ""type"": ""send_money"", ""day"": 5, ""amount"": 8200.0, ""counterparty"": ""W-318635""}, {""name"": ""electricity"", ""type"": ""bill_payment"", ""day"": 13, ""amount"": 2300.0, ""counterparty"": ""W-566180""}]"
U0238,shopkeeper,0.975,1.064,0.0,4,False,False,26239,"[{""name"": ""shop_rent"", ""type"": ""send_money"", ""day"": 7, ""amount"": 7700.0, ""counterparty"": ""W-743224""}, {""name"": ""electricity"", ""type"": ""bill_payment"", ""day"": 13, ""amount"": 2500.0, ""counterparty"": ""W-289033""}]"
U0239,shopkeeper,1.386,1.061,0.0,4,False,False,37313,"[{""name"": ""shop_rent"", ""type"": ""send_money"", ""day"": 4, ""amount"": 11500.0, ""counterparty"": ""W-796080""}, {""name"": ""electricity"", ""type"": ""bill_payment"", ""day"": 12, ""amount"": 3000.0, ""counterparty"": ""W-200420""}]"
U0240,shopkeeper,0.793,1.07,0.0,5,False,False,21341,"[{""name"": ""shop_rent"", ""type"": ""send_money"", ""day"": 6, ""amount"": 6200.0, ""counterparty"": ""W-952488""}, {""name"": ""electricity"", ""type"": ""bill_payment"", ""day"": 10, ""amount"": 2000.0, ""counterparty"": ""W-523879""}]"
U0241,freelancer,0.921,0.902,0.337,3,False,False,30407,"[{""name"": ""house_rent"", ""type"": ""send_money"", ""day"": 6, ""amount"": 9300.0, ""counterparty"": ""W-736610""}, {""name"": ""internet"", ""type"": ""bill_payment"", ""day"": 8, ""amount"": 1100.0, ""counterparty"": ""W-914408""}, {""name"": ""electricity"", ""type"": ""bill_payment"", ""day"": 12, ""amount"": 1400.0, ""counterparty"": ""W-815397""}, {""name"": ""subscriptions"", ""type"": ""merchant_payment"", ""day"": 14, ""amount"": 1600.0, ""counterparty"": ""W-944506""}]"
U0242,freelancer,1.107,0.81,0.667,2,False,False,36544,"[{""name"": ""house_rent"", ""type"": ""send_money"", ""day"": 4, ""amount"": 11700.0, ""counterparty"": ""W-119134""}, {""name"": ""internet"", ""type"": ""bill_payment"", ""day"": 8, ""amount"": 1400.0, ""counterparty"": ""W-230334""}, {""name"": ""electricity"", ""type"": ""bill_payment"", ""day"": 13, ""amount"": 1500.0, ""counterparty"": ""W-213039""}, {""name"": ""subscriptions"", ""type"": ""merchant_payment"", ""day"": 16, ""amount"": 1600.0, ""counterparty"": ""W-219857""}]"
U0243,freelancer,1.159,0.879,0.802,2,False,False,38248,"[{""name"": ""house_rent"", ""type"": ""send_money"", ""day"": 6, ""amount"": 9900.0, ""counterparty"": ""W-817725""}, {""name"": ""internet"", ""type"": ""bill_payment"", ""day"": 9, ""amount"": 1400.0, ""counterparty"": ""W-979526""}, {""name"": ""electricity"", ""type"": ""bill_payment"", ""day"": 14, ""amount"": 1600.0, ""counterparty"": ""W-873784""}, {""name"": ""subscriptions"", ""type"": ""merchant_payment"", ""day"": 15, ""amount"": 1800.0, ""counterparty"": ""W-923485""}]"
U0244,freelancer,1.118,0.807,0.531,2,False,False,36902,"[{""name"": ""house_rent"", ""type"": ""send_money"", ""day"": 3, ""amount"": 11400.0, ""counterparty"": ""W-188818""}, {""name"": ""internet"", ""type"": ""bill_payment"", ""day"": 10, ""amount"": 1500.0, ""counterparty"": ""W-108388""}, {""name"": ""electricity"", ""type"": ""bill_payment"", ""day"": 10, ""amount"": 1600.0, ""counterparty"": ""W-979544""}, {""name"": ""subscriptions"", ""type"": ""merchant_payment"", ""day"": 17, ""amount"": 1700.0, ""counterparty"": ""W-477589""}]"
U0245,freelancer,0.821,0.891,0.692,3,False,False,27083,"[{""name"": ""house_rent"", ""type"": ""send_money"", ""day"": 3, ""amount"": 8600.0, ""counterparty"": ""W-684235""}, {""name"": ""internet"", ""type"": ""bill_payment"", ""day"": 6, ""amount"": 1000.0, ""counterparty"": ""W-212293""}, {""name"": ""electricity"", ""type"": ""bill_payment"", ""day"": 10, ""amount"": 1300.0, ""counterparty"": ""W-565022""}, {""name"": ""subscriptions"", ""type"": ""merchant_payment"", ""day"": 13, ""amount"": 1100.0, ""counterparty"": ""W-221579""}]"
U0246,freelancer,1.137,0.891,0.274,3,False,False,37510,"[{""name"": ""house_rent"", ""type"": ""send_money"", ""day"": 7, ""amount"": 12200.0, ""counterparty"": ""W-935166""}, {""name"": ""internet"", ""type"": ""bill_payment"", ""day"": 7, ""amount"": 1400.0, ""counterparty"": ""W-823259""}, {""name"": ""electricity"", ""type"": ""bill_payment"", ""day"": 11, ""amount"": 1900.0, ""counterparty"": ""W-259531""}, {""name"": ""subscriptions"", ""type"": ""merchant_payment"", ""day"": 13, ""amount"": 1600.0, ""counterparty"": ""W-822729""}]"
U0247,freelancer,0.89,0.9,0.897,4,False,False,29384,"[{""name"": ""house_rent"", ""type"": ""send_money"", ""day"": 3, ""amount"": 10000.0, ""counterparty"": ""W-542823""}, {""name"": ""internet"", ""type"": ""bill_payment"", ""day"": 9, ""amount"": 900.0, ""counterparty"": ""W-513118""}, {""name"": ""electricity"", ""type"": ""bill_payment"", ""day"": 10, ""amount"": 1200.0, ""counterparty"": ""W-326604""}, {""name"": ""subscriptions"", ""type"": ""merchant_payment"", ""day"": 15, ""amount"": 1300.0, ""counterparty"": ""W-425623""}]"
U0248,freelancer,0.893,0.883,0.657,5,False,False,29466,"[{""name"": ""house_rent"", ""type"": ""send_money"", ""day"": 5, ""amount"": 8200.0, ""counterparty"": ""W-369084""}, {""name"": ""internet"", ""type"": ""bill_payment"", ""day"": 9, ""amount"": 1200.0, ""counterparty"": ""W-671735""}, {""name"": ""electricity"", ""type"": ""bill_payment"", ""day"": 14, ""amount"": 1200.0, ""counterparty"": ""W-822134""}, {""name"": ""subscriptions"", ""type"": ""merchant_payment"", ""day"": 13, ""amount"": 1300.0, ""counterparty"": ""W-105250""}]"
U0249,freelancer,1.405,0.903,0.223,2,False,False,46363,"[{""name"": ""house_rent"", ""type"": ""send_money"", ""day"": 7, ""amount"": 12600.0, ""counterparty"": ""W-765409""}, {""name"": ""internet"", ""type"": ""bill_payment"", ""day"": 8, ""amount"": 1800.0, ""counterparty"": ""W-335112""}, {""name"": ""electricity"", ""type"": ""bill_payment"", ""day"": 14, ""amount"": 2000.0, ""counterparty"": ""W-737150""}, {""name"": ""subscriptions"", ""type"": ""merchant_payment"", ""day"": 17, ""amount"": 2400.0, ""counterparty"": ""W-986547""}]"
U0250,freelancer,1.245,0.869,0.175,5,False,False,41090,"[{""name"": ""house_rent"", ""type"": ""send_money"", ""day"": 3, ""amount"": 13000.0, ""counterparty"": ""W-933306""}, {""name"": ""internet"", ""type"": ""bill_payment"", ""day"": 7, ""amount"": 1300.0, ""counterparty"": ""W-407372""}, {""name"": ""electricity"", ""type"": ""bill_payment"", ""day"": 12, ""amount"": 1800.0, ""counterparty"": ""W-692248""}, {""name"": ""subscriptions"", ""type"": ""merchant_payment"", ""day"": 14, ""amount"": 1700.0, ""counterparty"": ""W-710716""}]"
U0251,freelancer,0.905,0.916,0.59,3,False,False,29857,"[{""name"": ""house_rent"", ""type"": ""send_money"", ""day"": 6, ""amount"": 9900.0, ""counterparty"": ""W-898611""}, {""name"": ""internet"", ""type"": ""bill_payment"", ""day"": 7, ""amount"": 1000.0, ""counterparty"": ""W-398021""}, {""name"": ""electricity"", ""type"": ""bill_payment"", ""day"": 10, ""amount"": 1200.0, ""counterparty"": ""W-653566""}, {""name"": ""subscriptions"", ""type"": ""merchant_payment"", ""day"": 13, ""amount"": 1300.0, ""counterparty"": ""W-597444""}]"
U0252,freelancer,1.054,0.953,0.413,2,False,False,34779,"[{""name"": ""house_rent"", ""type"": ""send_money"", ""day"": 5, ""amount"": 9400.0, ""counterparty"": ""W-921538""}, {""name"": ""internet"", ""type"": ""bill_payment"", ""day"": 6, ""amount"": 1300.0, ""counterparty"": ""W-488731""}, {""name"": ""electricity"", ""type"": ""bill_payment"", ""day"": 11, ""amount"": 1800.0, ""counterparty"": ""W-874214""}, {""name"": ""subscriptions"", ""type"": ""merchant_payment"", ""day"": 17, ""amount"": 1500.0, ""counterparty"": ""W-496751""}]"
U0253,freelancer,0.682,0.937,0.867,5,False,False,22514,"[{""name"": ""house_rent"", ""type"": ""send_money"", ""day"": 7, ""amount"": 7400.0, ""counterparty"": ""W-393588""}, {""name"": ""internet"", ""type"": ""bill_payment"", ""day"": 10, ""amount"": 800.0, ""counterparty"": ""W-120460""}, {""name"": ""electricity"", ""type"": ""bill_payment"", ""day"": 13, ""amount"": 1000.0, ""counterparty"": ""W-326487""}, {""name"": ""subscriptions"", ""type"": ""merchant_payment"", ""day"": 17, ""amount"": 1100.0, ""counterparty"": ""W-557642""}]"
U0254,freelancer,0.937,0.968,0.632,3,False,False,30920,"[{""name"": ""house_rent"", ""type"": ""send_money"", ""day"": 6, ""amount"": 8800.0, ""counterparty"": ""W-220698""}, {""name"": ""internet"", ""type"": ""bill_payment"", ""day"": 7, ""amount"": 1100.0, ""counterparty"": ""W-726525""}, {""name"": ""electricity"", ""type"": ""bill_payment"", ""day"": 11, ""amount"": 1200.0, ""counterparty"": ""W-612491""}, {""name"": ""subscriptions"", ""type"": ""merchant_payment"", ""day"": 15, ""amount"": 1500.0, ""counterparty"": ""W-716423""}]"
U0255,freelancer,1.122,0.894,0.786,2,False,False,37036,"[{""name"": ""house_rent"", ""type"": ""send_money"", ""day"": 3, ""amount"": 10000.0, ""counterparty"": ""W-706555""}, {""name"": ""internet"", ""type"": ""bill_payment"", ""day"": 8, ""amount"": 1500.0, ""counterparty"": ""W-793140""}, {""name"": ""electricity"", ""type"": ""bill_payment"", ""day"": 14, ""amount"": 1800.0, ""counterparty"": ""W-315943""}, {""name"": ""subscriptions"", ""type"": ""merchant_payment"", ""day"": 13, ""amount"": 1700.0, ""counterparty"": ""W-273215""}]"
U0256,freelancer,1.08,0.849,0.768,4,False,False,35631,"[{""name"": ""house_rent"", ""type"": ""send_money"", ""day"": 6, ""amount"": 10900.0, ""counterparty"": ""W-154707""}, {""name"": ""internet"", ""type"": ""bill_payment"", ""day"": 9, ""amount"": 1500.0, ""counterparty"": ""W-198679""}, {""name"": ""electricity"", ""type"": ""bill_payment"", ""day"": 13, ""amount"": 1400.0, ""counterparty"": ""W-586689""}, {""name"": ""subscriptions"", ""type"": ""merchant_payment"", ""day"": 16, ""amount"": 1600.0, ""counterparty"": ""W-964142""}]"
U0257,freelancer,0.999,0.916,0.703,3,False,False,32963,"[{""name"": ""house_rent"", ""type"": ""send_money"", ""day"": 7, ""amount"": 9100.0, ""counterparty"": ""W-353201""}, {""name"": ""internet"", ""type"": ""bill_payment"", ""day"": 8, ""amount"": 1000.0, ""counterparty"": ""W-581559""}, {""name"": ""electricity"", ""type"": ""bill_payment"", ""day"": 14, ""amount"": 1400.0, ""counterparty"": ""W-329174""}, {""name"": ""subscriptions"", ""type"": ""merchant_payment"", ""day"": 13, ""amount"": 1400.0, ""counterparty"": ""W-555033""}]"
U0258,freelancer,1.199,0.822,0.572,5,False,False,39565,"[{""name"": ""house_rent"", ""type"": ""send_money"", ""day"": 7, ""amount"": 13000.0, ""counterparty"": ""W-523325""}, {""name"": ""internet"", ""type"": ""bill_payment"", ""day"": 8, ""amount"": 1200.0, ""counterparty"": ""W-300941""}, {""name"": ""electricity"", ""type"": ""bill_payment"", ""day"": 11, ""amount"": 1600.0, ""counterparty"": ""W-312954""}, {""name"": ""subscriptions"", ""type"": ""merchant_payment"", ""day"": 14, ""amount"": 2000.0, ""counterparty"": ""W-458695""}]"
U0259,freelancer,1.379,0.864,0.306,2,False,False,45499,"[{""name"": ""house_rent"", ""type"": ""send_money"", ""day"": 7, ""amount"": 12800.0, ""counterparty"": ""W-565260""}, {""name"": ""internet"", ""type"": ""bill_payment"", ""day"": 8, ""amount"": 1400.0, ""counterparty"": ""W-842257""}, {""name"": ""electricity"", ""type"": ""bill_payment"", ""day"": 13, ""amount"": 2100.0, ""counterparty"": ""W-904477""}, {""name"": ""subscriptions"", ""type"": ""merchant_payment"", ""day"": 13, ""amount"": 1900.0, ""counterparty"": ""W-227368""}]"
U0260,freelancer,0.751,0.919,0.312,4,False,False,24775,"[{""name"": ""house_rent"", ""type"": ""send_money"", ""day"": 4, ""amount"": 8100.0, ""counterparty"": ""W-779003""}, {""name"": ""internet"", ""type"": ""bill_payment"", ""day"": 7, ""amount"": 900.0, ""counterparty"": ""W-804437""}, {""name"": ""electricity"", ""type"": ""bill_payment"", ""day"": 13, ""amount"": 1100.0, ""counterparty"": ""W-323377""}, {""name"": ""subscriptions"", ""type"": ""merchant_payment"", ""day"": 17, ""amount"": 1000.0, ""counterparty"": ""W-659642""}]"
U0261,freelancer,0.69,0.862,0.809,3,False,False,22785,"[{""name"": ""house_rent"", ""type"": ""send_money"", ""day"": 7, ""amount"": 6900.0, ""counterparty"": ""W-232928""}, {""name"": ""internet"", ""type"": ""bill_payment"", ""day"": 10, ""amount"": 900.0, ""counterparty"": ""W-868850""}, {""name"": ""electricity"", ""type"": ""bill_payment"", ""day"": 12, ""amount"": 900.0, ""counterparty"": ""W-878416""}, {""name"": ""subscriptions"", ""type"": ""merchant_payment"", ""day"": 14, ""amount"": 900.0, ""counterparty"": ""W-736099""}]"
U0262,freelancer,1.288,0.878,0.127,5,False,False,42499,"[{""name"": ""house_rent"", ""type"": ""send_money"", ""day"": 5, ""amount"": 12400.0, ""counterparty"": ""W-502771""}, {""name"": ""internet"", ""type"": ""bill_payment"", ""day"": 7, ""amount"": 1500.0, ""counterparty"": ""W-955350""}, {""name"": ""electricity"", ""type"": ""bill_payment"", ""day"": 13, ""amount"": 2200.0, ""counterparty"": ""W-686006""}, {""name"": ""subscriptions"", ""type"": ""merchant_payment"", ""day"": 16, ""amount"": 1800.0, ""counterparty"": ""W-498477""}]"
U0263,freelancer,0.627,0.873,0.818,3,False,False,20693,"[{""name"": ""house_rent"", ""type"": ""send_money"", ""day"": 4, ""amount"": 5700.0, ""counterparty"": ""W-170931""}, {""name"": ""internet"", ""type"": ""bill_payment"", ""day"": 6, ""amount"": 800.0, ""counterparty"": ""W-880483""}, {""name"": ""electricity"", ""type"": ""bill_payment"", ""day"": 13, ""amount"": 1000.0, ""counterparty"": ""W-598974""}, {""name"": ""subscriptions"", ""type"": ""merchant_payment"", ""day"": 15, ""amount"": 1100.0, ""counterparty"": ""W-784184""}]"
U0264,freelancer,1.318,0.96,0.792,2,False,False,43488,"[{""name"": ""house_rent"", ""type"": ""send_money"", ""day"": 6, ""amount"": 13600.0, ""counterparty"": ""W-698454""}, {""name"": ""internet"", ""type"": ""bill_payment"", ""day"": 9, ""amount"": 1500.0, ""counterparty"": ""W-761024""}, {""name"": ""electricity"", ""type"": ""bill_payment"", ""day"": 12, ""amount"": 1800.0, ""counterparty"": ""W-830731""}, {""name"": ""subscriptions"", ""type"": ""merchant_payment"", ""day"": 16, ""amount"": 2200.0, ""counterparty"": ""W-440316""}]"
U0265,freelancer,1.212,0.937,0.426,4,False,False,40009,"[{""name"": ""house_rent"", ""type"": ""send_money"", ""day"": 4, ""amount"": 10800.0, ""counterparty"": ""W-651721""}, {""name"": ""internet"", ""type"": ""bill_payment"", ""day"": 7, ""amount"": 1600.0, ""counterparty"": ""W-628283""}, {""name"": ""electricity"", ""type"": ""bill_payment"", ""day"": 13, ""amount"": 1800.0, ""counterparty"": ""W-389641""}, {""name"": ""subscriptions"", ""type"": ""merchant_payment"", ""day"": 14, ""amount"": 1900.0, ""counterparty"": ""W-756983""}]"
U0266,freelancer,0.811,0.808,0.566,4,False,False,26779,"[{""name"": ""house_rent"", ""type"": ""send_money"", ""day"": 3, ""amount"": 9000.0, ""counterparty"": ""W-364027""}, {""name"": ""internet"", ""type"": ""bill_payment"", ""day"": 7, ""amount"": 1000.0, ""counterparty"": ""W-388223""}, {""name"": ""electricity"", ""type"": ""bill_payment"", ""day"": 11, ""amount"": 1300.0, ""counterparty"": ""W-853165""}, {""name"": ""subscriptions"", ""type"": ""merchant_payment"", ""day"": 13, ""amount"": 1300.0, ""counterparty"": ""W-154100""}]"
U0267,freelancer,0.729,0.901,0.361,2,False,False,24068,"[{""name"": ""house_rent"", ""type"": ""send_money"", ""day"": 3, ""amount"": 6300.0, ""counterparty"": ""W-401704""}, {""name"": ""internet"", ""type"": ""bill_payment"", ""day"": 10, ""amount"": 800.0, ""counterparty"": ""W-284221""}, {""name"": ""electricity"", ""type"": ""bill_payment"", ""day"": 13, ""amount"": 1100.0, ""counterparty"": ""W-579989""}, {""name"": ""subscriptions"", ""type"": ""merchant_payment"", ""day"": 14, ""amount"": 1000.0, ""counterparty"": ""W-104283""}]"
U0268,freelancer,1.309,0.918,0.461,3,False,False,43181,"[{""name"": ""house_rent"", ""type"": ""send_money"", ""day"": 4, ""amount"": 11600.0, ""counterparty"": ""W-824280""}, {""name"": ""internet"", ""type"": ""bill_payment"", ""day"": 10, ""amount"": 1400.0, ""counterparty"": ""W-438729""}, {""name"": ""electricity"", ""type"": ""bill_payment"", ""day"": 13, ""amount"": 2000.0, ""counterparty"": ""W-167033""}, {""name"": ""subscriptions"", ""type"": ""merchant_payment"", ""day"": 17, ""amount"": 2100.0, ""counterparty"": ""W-154373""}]"
U0269,freelancer,1.364,0.861,0.106,2,False,False,45024,"[{""name"": ""house_rent"", ""type"": ""send_money"", ""day"": 5, ""amount"": 11900.0, ""counterparty"": ""W-321195""}, {""name"": ""internet"", ""type"": ""bill_payment"", ""day"": 8, ""amount"": 1800.0, ""counterparty"": ""W-610113""}, {""name"": ""electricity"", ""type"": ""bill_payment"", ""day"": 11, ""amount"": 2100.0, ""counterparty"": ""W-934088""}, {""name"": ""subscriptions"", ""type"": ""merchant_payment"", ""day"": 14, ""amount"": 1800.0, ""counterparty"": ""W-544179""}]"
U0270,freelancer,1.003,0.909,0.153,2,False,False,33115,"[{""name"": ""house_rent"", ""type"": ""send_money"", ""day"": 5, ""amount"": 10300.0, ""counterparty"": ""W-121036""}, {""name"": ""internet"", ""type"": ""bill_payment"", ""day"": 9, ""amount"": 1300.0, ""counterparty"": ""W-637936""}, {""name"": ""electricity"", ""type"": ""bill_payment"", ""day"": 13, ""amount"": 1500.0, ""counterparty"": ""W-292114""}, {""name"": ""subscriptions"", ""type"": ""merchant_payment"", ""day"": 15, ""amount"": 1400.0, ""counterparty"": ""W-957311""}]"
U0271,freelancer,0.819,0.862,0.454,5,False,False,27031,"[{""name"": ""house_rent"", ""type"": ""send_money"", ""day"": 7, ""amount"": 9300.0, ""counterparty"": ""W-837632""}, {""name"": ""internet"", ""type"": ""bill_payment"", ""day"": 10, ""amount"": 1100.0, ""counterparty"": ""W-409549""}, {""name"": ""electricity"", ""type"": ""bill_payment"", ""day"": 14, ""amount"": 1100.0, ""counterparty"": ""W-185192""}, {""name"": ""subscriptions"", ""type"": ""merchant_payment"", ""day"": 13, ""amount"": 1100.0, ""counterparty"": ""W-712090""}]"
U0272,freelancer,0.767,0.898,0.431,5,False,False,25316,"[{""name"": ""house_rent"", ""type"": ""send_money"", ""day"": 7, ""amount"": 8500.0, ""counterparty"": ""W-274570""}, {""name"": ""internet"", ""type"": ""bill_payment"", ""day"": 9, ""amount"": 900.0, ""counterparty"": ""W-877783""}, {""name"": ""electricity"", ""type"": ""bill_payment"", ""day"": 13, ""amount"": 1100.0, ""counterparty"": ""W-773566""}, {""name"": ""subscriptions"", ""type"": ""merchant_payment"", ""day"": 17, ""amount"": 1300.0, ""counterparty"": ""W-636085""}]"
U0273,freelancer,0.908,0.823,0.779,2,False,False,29973,"[{""name"": ""house_rent"", ""type"": ""send_money"", ""day"": 7, ""amount"": 9800.0, ""counterparty"": ""W-722467""}, {""name"": ""internet"", ""type"": ""bill_payment"", ""day"": 9, ""amount"": 1000.0, ""counterparty"": ""W-267258""}, {""name"": ""electricity"", ""type"": ""bill_payment"", ""day"": 13, ""amount"": 1500.0, ""counterparty"": ""W-703435""}, {""name"": ""subscriptions"", ""type"": ""merchant_payment"", ""day"": 13, ""amount"": 1300.0, ""counterparty"": ""W-450850""}]"
U0274,freelancer,1.114,0.936,0.842,3,False,False,36774,"[{""name"": ""house_rent"", ""type"": ""send_money"", ""day"": 4, ""amount"": 10600.0, ""counterparty"": ""W-813737""}, {""name"": ""internet"", ""type"": ""bill_payment"", ""day"": 8, ""amount"": 1400.0, ""counterparty"": ""W-505418""}, {""name"": ""electricity"", ""type"": ""bill_payment"", ""day"": 12, ""amount"": 1700.0, ""counterparty"": ""W-902240""}, {""name"": ""subscriptions"", ""type"": ""merchant_payment"", ""day"": 17, ""amount"": 1800.0, ""counterparty"": ""W-863217""}]"
U0275,freelancer,0.902,0.837,0.716,2,False,False,29763,"[{""name"": ""house_rent"", ""type"": ""send_money"", ""day"": 3, ""amount"": 9500.0, ""counterparty"": ""W-598047""}, {""name"": ""internet"", ""type"": ""bill_payment"", ""day"": 6, ""amount"": 1100.0, ""counterparty"": ""W-679172""}, {""name"": ""electricity"", ""type"": ""bill_payment"", ""day"": 12, ""amount"": 1400.0, ""counterparty"": ""W-232419""}, {""name"": ""subscriptions"", ""type"": ""merchant_payment"", ""day"": 17, ""amount"": 1500.0, ""counterparty"": ""W-652063""}]"
U0276,freelancer,0.923,0.934,0.639,3,False,False,30461,"[{""name"": ""house_rent"", ""type"": ""send_money"", ""day"": 4, ""amount"": 9500.0, ""counterparty"": ""W-640677""}, {""name"": ""internet"", ""type"": ""bill_payment"", ""day"": 9, ""amount"": 1300.0, ""counterparty"": ""W-211093""}, {""name"": ""electricity"", ""type"": ""bill_payment"", ""day"": 13, ""amount"": 1400.0, ""counterparty"": ""W-675124""}, {""name"": ""subscriptions"", ""type"": ""merchant_payment"", ""day"": 14, ""amount"": 1600.0, ""counterparty"": ""W-843560""}]"
U0277,freelancer,1.148,0.819,0.809,4,False,False,37885,"[{""name"": ""house_rent"", ""type"": ""send_money"", ""day"": 5, ""amount"": 12400.0, ""counterparty"": ""W-208785""}, {""name"": ""internet"", ""type"": ""bill_payment"", ""day"": 10, ""amount"": 1500.0, ""counterparty"": ""W-267888""}, {""name"": ""electricity"", ""type"": ""bill_payment"", ""day"": 11, ""amount"": 1500.0, ""counterparty"": ""W-319082""}, {""name"": ""subscriptions"", ""type"": ""merchant_payment"", ""day"": 17, ""amount"": 2000.0, ""counterparty"": ""W-485867""}]"
U0278,freelancer,0.791,0.812,0.882,2,False,False,26119,"[{""name"": ""house_rent"", ""type"": ""send_money"", ""day"": 3, ""amount"": 7400.0, ""counterparty"": ""W-683586""}, {""name"": ""internet"", ""type"": ""bill_payment"", ""day"": 7, ""amount"": 1000.0, ""counterparty"": ""W-398897""}, {""name"": ""electricity"", ""type"": ""bill_payment"", ""day"": 11, ""amount"": 1200.0, ""counterparty"": ""W-537649""}, {""name"": ""subscriptions"", ""type"": ""merchant_payment"", ""day"": 16, ""amount"": 1300.0, ""counterparty"": ""W-840802""}]"
U0279,freelancer,0.833,0.892,0.43,5,False,False,27501,"[{""name"": ""house_rent"", ""type"": ""send_money"", ""day"": 7, ""amount"": 7400.0, ""counterparty"": ""W-791335""}, {""name"": ""internet"", ""type"": ""bill_payment"", ""day"": 10, ""amount"": 900.0, ""counterparty"": ""W-698752""}, {""name"": ""electricity"", ""type"": ""bill_payment"", ""day"": 14, ""amount"": 1300.0, ""counterparty"": ""W-479734""}, {""name"": ""subscriptions"", ""type"": ""merchant_payment"", ""day"": 14, ""amount"": 1100.0, ""counterparty"": ""W-771543""}]"
U0280,freelancer,0.78,0.947,0.335,4,False,False,25753,"[{""name"": ""house_rent"", ""type"": ""send_money"", ""day"": 7, ""amount"": 7900.0, ""counterparty"": ""W-678499""}, {""name"": ""internet"", ""type"": ""bill_payment"", ""day"": 6, ""amount"": 1000.0, ""counterparty"": ""W-208483""}, {""name"": ""electricity"", ""type"": ""bill_payment"", ""day"": 11, ""amount"": 1100.0, ""counterparty"": ""W-430622""}, {""name"": ""subscriptions"", ""type"": ""merchant_payment"", ""day"": 13, ""amount"": 1200.0, ""counterparty"": ""W-175814""}]"
U0281,freelancer,1.123,0.824,0.191,4,False,False,37045,"[{""name"": ""house_rent"", ""type"": ""send_money"", ""day"": 6, ""amount"": 11300.0, ""counterparty"": ""W-896323""}, {""name"": ""internet"", ""type"": ""bill_payment"", ""day"": 9, ""amount"": 1300.0, ""counterparty"": ""W-133463""}, {""name"": ""electricity"", ""type"": ""bill_payment"", ""day"": 12, ""amount"": 1600.0, ""counterparty"": ""W-388381""}, {""name"": ""subscriptions"", ""type"": ""merchant_payment"", ""day"": 17, ""amount"": 1900.0, ""counterparty"": ""W-970799""}]"
U0282,freelancer,1.098,0.963,0.451,3,False,False,36247,"[{""name"": ""house_rent"", ""type"": ""send_money"", ""day"": 3, ""amount"": 11200.0, ""counterparty"": ""W-480171""}, {""name"": ""internet"", ""type"": ""bill_payment"", ""day"": 8, ""amount"": 1300.0, ""counterparty"": ""W-156398""}, {""name"": ""electricity"", ""type"": ""bill_payment"", ""day"": 10, ""amount"": 1900.0, ""counterparty"": ""W-174647""}, {""name"": ""subscriptions"", ""type"": ""merchant_payment"", ""day"": 14, ""amount"": 1600.0, ""counterparty"": ""W-100622""}]"
U0283,freelancer,1.154,0.923,0.551,4,False,False,38076,"[{""name"": ""house_rent"", ""type"": ""send_money"", ""day"": 3, ""amount"": 12500.0, ""counterparty"": ""W-424270""}, {""name"": ""internet"", ""type"": ""bill_payment"", ""day"": 7, ""amount"": 1300.0, ""counterparty"": ""W-672099""}, {""name"": ""electricity"", ""type"": ""bill_payment"", ""day"": 12, ""amount"": 1800.0, ""counterparty"": ""W-621223""}, {""name"": ""subscriptions"", ""type"": ""merchant_payment"", ""day"": 17, ""amount"": 1500.0, ""counterparty"": ""W-245737""}]"
U0284,freelancer,1.002,0.815,0.264,5,False,False,33050,"[{""name"": ""house_rent"", ""type"": ""send_money"", ""day"": 5, ""amount"": 8900.0, ""counterparty"": ""W-917676""}, {""name"": ""internet"", ""type"": ""bill_payment"", ""day"": 9, ""amount"": 1300.0, ""counterparty"": ""W-275904""}, {""name"": ""electricity"", ""type"": ""bill_payment"", ""day"": 14, ""amount"": 1600.0, ""counterparty"": ""W-606384""}, {""name"": ""subscriptions"", ""type"": ""merchant_payment"", ""day"": 13, ""amount"": 1300.0, ""counterparty"": ""W-959277""}]"
U0285,freelancer,1.254,0.903,0.595,5,False,False,41375,"[{""name"": ""house_rent"", ""type"": ""send_money"", ""day"": 7, ""amount"": 12700.0, ""counterparty"": ""W-304482""}, {""name"": ""internet"", ""type"": ""bill_payment"", ""day"": 9, ""amount"": 1600.0, ""counterparty"": ""W-566337""}, {""name"": ""electricity"", ""type"": ""bill_payment"", ""day"": 11, ""amount"": 1700.0, ""counterparty"": ""W-291153""}, {""name"": ""subscriptions"", ""type"": ""merchant_payment"", ""day"": 17, ""amount"": 1800.0, ""counterparty"": ""W-163036""}]"
U0286,freelancer,1.106,0.875,0.743,3,False,False,36498,"[{""name"": ""house_rent"", ""type"": ""send_money"", ""day"": 5, ""amount"": 12700.0, ""counterparty"": ""W-776495""}, {""name"": ""internet"", ""type"": ""bill_payment"", ""day"": 9, ""amount"": 1200.0, ""counterparty"": ""W-929075""}, {""name"": ""electricity"", ""type"": ""bill_payment"", ""day"": 12, ""amount"": 1400.0, ""counterparty"": ""W-804220""}, {""name"": ""subscriptions"", ""type"": ""merchant_payment"", ""day"": 13, ""amount"": 1500.0, ""counterparty"": ""W-328115""}]"
U0287,freelancer,0.943,0.887,0.154,5,False,False,31129,"[{""name"": ""house_rent"", ""type"": ""send_money"", ""day"": 6, ""amount"": 9100.0, ""counterparty"": ""W-967782""}, {""name"": ""internet"", ""type"": ""bill_payment"", ""day"": 9, ""amount"": 1100.0, ""counterparty"": ""W-850814""}, {""name"": ""electricity"", ""type"": ""bill_payment"", ""day"": 12, ""amount"": 1400.0, ""counterparty"": ""W-345037""}, {""name"": ""subscriptions"", ""type"": ""merchant_payment"", ""day"": 14, ""amount"": 1300.0, ""counterparty"": ""W-295062""}]"
U0288,freelancer,1.278,0.826,0.209,4,False,False,42180,"[{""name"": ""house_rent"", ""type"": ""send_money"", ""day"": 3, ""amount"": 13900.0, ""counterparty"": ""W-515087""}, {""name"": ""internet"", ""type"": ""bill_payment"", ""day"": 10, ""amount"": 1700.0, ""counterparty"": ""W-341586""}, {""name"": ""electricity"", ""type"": ""bill_payment"", ""day"": 13, ""amount"": 2200.0, ""counterparty"": ""W-879224""}, {""name"": ""subscriptions"", ""type"": ""merchant_payment"", ""day"": 16, ""amount"": 1900.0, ""counterparty"": ""W-328899""}]"
U0289,freelancer,1.366,0.866,0.188,5,False,False,45094,"[{""name"": ""house_rent"", ""type"": ""send_money"", ""day"": 5, ""amount"": 14000.0, ""counterparty"": ""W-656323""}, {""name"": ""internet"", ""type"": ""bill_payment"", ""day"": 9, ""amount"": 1700.0, ""counterparty"": ""W-506645""}, {""name"": ""electricity"", ""type"": ""bill_payment"", ""day"": 12, ""amount"": 2200.0, ""counterparty"": ""W-152865""}, {""name"": ""subscriptions"", ""type"": ""merchant_payment"", ""day"": 16, ""amount"": 1800.0, ""counterparty"": ""W-445179""}]"
U0290,freelancer,0.792,0.865,0.885,3,False,False,26137,"[{""name"": ""house_rent"", ""type"": ""send_money"", ""day"": 7, ""amount"": 7900.0, ""counterparty"": ""W-271903""}, {""name"": ""internet"", ""type"": ""bill_payment"", ""day"": 7, ""amount"": 1000.0, ""counterparty"": ""W-646518""}, {""name"": ""electricity"", ""type"": ""bill_payment"", ""day"": 13, ""amount"": 1200.0, ""counterparty"": ""W-979794""}, {""name"": ""subscriptions"", ""type"": ""merchant_payment"", ""day"": 14, ""amount"": 1200.0, ""counterparty"": ""W-379074""}]"
U0291,freelancer,0.94,0.967,0.456,5,False,False,31011,"[{""name"": ""house_rent"", ""type"": ""send_money"", ""day"": 7, ""amount"": 10700.0, ""counterparty"": ""W-509235""}, {""name"": ""internet"", ""type"": ""bill_payment"", ""day"": 6, ""amount"": 1300.0, ""counterparty"": ""W-245765""}, {""name"": ""electricity"", ""type"": ""bill_payment"", ""day"": 10, ""amount"": 1600.0, ""counterparty"": ""W-362269""}, {""name"": ""subscriptions"", ""type"": ""merchant_payment"", ""day"": 13, ""amount"": 1400.0, ""counterparty"": ""W-260834""}]"
U0292,freelancer,0.999,0.828,0.465,2,False,False,32963,"[{""name"": ""house_rent"", ""type"": ""send_money"", ""day"": 4, ""amount"": 9800.0, ""counterparty"": ""W-772530""}, {""name"": ""internet"", ""type"": ""bill_payment"", ""day"": 9, ""amount"": 1200.0, ""counterparty"": ""W-918969""}, {""name"": ""electricity"", ""type"": ""bill_payment"", ""day"": 14, ""amount"": 1300.0, ""counterparty"": ""W-874537""}, {""name"": ""subscriptions"", ""type"": ""merchant_payment"", ""day"": 17, ""amount"": 1300.0, ""counterparty"": ""W-743904""}]"
U0293,freelancer,0.749,0.948,0.469,2,False,False,24716,"[{""name"": ""house_rent"", ""type"": ""send_money"", ""day"": 5, ""amount"": 7800.0, ""counterparty"": ""W-755955""}, {""name"": ""internet"", ""type"": ""bill_payment"", ""day"": 7, ""amount"": 1000.0, ""counterparty"": ""W-456428""}, {""name"": ""electricity"", ""type"": ""bill_payment"", ""day"": 14, ""amount"": 1000.0, ""counterparty"": ""W-117506""}, {""name"": ""subscriptions"", ""type"": ""merchant_payment"", ""day"": 14, ""amount"": 1200.0, ""counterparty"": ""W-526862""}]"
U0294,freelancer,1.162,0.961,0.167,4,False,False,38340,"[{""name"": ""house_rent"", ""type"": ""send_money"", ""day"": 4, ""amount"": 10600.0, ""counterparty"": ""W-178624""}, {""name"": ""internet"", ""type"": ""bill_payment"", ""day"": 9, ""amount"": 1400.0, ""counterparty"": ""W-666498""}, {""name"": ""electricity"", ""type"": ""bill_payment"", ""day"": 11, ""amount"": 1700.0, ""counterparty"": ""W-508013""}, {""name"": ""subscriptions"", ""type"": ""merchant_payment"", ""day"": 16, ""amount"": 1900.0, ""counterparty"": ""W-712411""}]"
U0295,freelancer,1.258,0.857,0.61,3,False,False,41524,"[{""name"": ""house_rent"", ""type"": ""send_money"", ""day"": 5, ""amount"": 10800.0, ""counterparty"": ""W-683679""}, {""name"": ""internet"", ""type"": ""bill_payment"", ""day"": 7, ""amount"": 1700.0, ""counterparty"": ""W-830542""}, {""name"": ""electricity"", ""type"": ""bill_payment"", ""day"": 12, ""amount"": 1600.0, ""counterparty"": ""W-703564""}, {""name"": ""subscriptions"", ""type"": ""merchant_payment"", ""day"": 14, ""amount"": 1900.0, ""counterparty"": ""W-341810""}]"
U0296,freelancer,1.106,0.804,0.887,3,False,False,36495,"[{""name"": ""house_rent"", ""type"": ""send_money"", ""day"": 5, ""amount"": 10500.0, ""counterparty"": ""W-441100""}, {""name"": ""internet"", ""type"": ""bill_payment"", ""day"": 7, ""amount"": 1400.0, ""counterparty"": ""W-233580""}, {""name"": ""electricity"", ""type"": ""bill_payment"", ""day"": 11, ""amount"": 1800.0, ""counterparty"": ""W-650233""}, {""name"": ""subscriptions"", ""type"": ""merchant_payment"", ""day"": 15, ""amount"": 1500.0, ""counterparty"": ""W-935817""}]"
U0297,freelancer,1.063,0.868,0.388,2,False,False,35077,"[{""name"": ""house_rent"", ""type"": ""send_money"", ""day"": 5, ""amount"": 9600.0, ""counterparty"": ""W-932657""}, {""name"": ""internet"", ""type"": ""bill_payment"", ""day"": 8, ""amount"": 1300.0, ""counterparty"": ""W-860163""}, {""name"": ""electricity"", ""type"": ""bill_payment"", ""day"": 13, ""amount"": 1500.0, ""counterparty"": ""W-452798""}, {""name"": ""subscriptions"", ""type"": ""merchant_payment"", ""day"": 17, ""amount"": 1700.0, ""counterparty"": ""W-332458""}]"
U0298,freelancer,0.896,0.822,0.572,2,False,False,29566,"[{""name"": ""house_rent"", ""type"": ""send_money"", ""day"": 3, ""amount"": 8400.0, ""counterparty"": ""W-850776""}, {""name"": ""internet"", ""type"": ""bill_payment"", ""day"": 8, ""amount"": 1200.0, ""counterparty"": ""W-198368""}, {""name"": ""electricity"", ""type"": ""bill_payment"", ""day"": 10, ""amount"": 1300.0, ""counterparty"": ""W-200094""}, {""name"": ""subscriptions"", ""type"": ""merchant_payment"", ""day"": 13, ""amount"": 1400.0, ""counterparty"": ""W-257035""}]"
U0299,freelancer,1.29,0.827,0.734,5,False,False,42559,"[{""name"": ""house_rent"", ""type"": ""send_money"", ""day"": 7, ""amount"": 13700.0, ""counterparty"": ""W-616628""}, {""name"": ""internet"", ""type"": ""bill_payment"", ""day"": 9, ""amount"": 1600.0, ""counterparty"": ""W-669148""}, {""name"": ""electricity"", ""type"": ""bill_payment"", ""day"": 10, ""amount"": 2000.0, ""counterparty"": ""W-280465""}, {""name"": ""subscriptions"", ""type"": ""merchant_payment"", ""day"": 17, ""amount"": 2000.0, ""counterparty"": ""W-904340""}]"
U0300,freelancer,0.971,0.961,0.112,2,False,False,32046,"[{""name"": ""house_rent"", ""type"": ""send_money"", ""day"": 3, ""amount"": 10700.0, ""counterparty"": ""W-743943""}, {""name"": ""internet"", ""type"": ""bill_payment"", ""day"": 8, ""amount"": 1300.0, ""counterparty"": ""W-705668""}, {""name"": ""electricity"", ""type"": ""bill_payment"", ""day"": 10, ""amount"": 1600.0, ""counterparty"": ""W-533548""}, {""name"": ""subscriptions"", ""type"": ""merchant_payment"", ""day"": 16, ""amount"": 1600.0, ""counterparty"": ""W-710860""}]"
